[error] [2026-07-14T05:05:02.444Z] : ✖ Below file formats are not allowed in Sigma
[info] [2026-07-14T05:05:02.449Z] :  ==> app/.DS_Store
[info] [2026-07-14T05:05:02.450Z] :  ==> app/grn/.DS_Store
[info] [2026-07-14T05:05:02.450Z] :  ==> app/rfq/.DS_Store
[info] [2026-07-14T05:05:02.450Z] :  ==> app/vendor-comparison/.DS_Store
[info] [2026-07-14T05:05:02.451Z] : Note - File formats that can be packed are: txt, md, xml, dre, jpg, jpeg, png, gif, css, js, html, json, mp3, svg, woff, ttf, eot, webm, mp4, and woff2
[error] [2026-07-14T05:05:02.461Z] : ✖ Below file formats are not allowed in Sigma
[info] [2026-07-14T05:05:02.462Z] :  ==> app/.DS_Store
[info] [2026-07-14T05:05:02.463Z] :  ==> app/grn/.DS_Store
[info] [2026-07-14T05:05:02.464Z] :  ==> app/rfq/.DS_Store
[info] [2026-07-14T05:05:02.464Z] :  ==> app/vendor-comparison/.DS_Store
[info] [2026-07-14T05:05:02.464Z] : Note - File formats that can be packed are: txt, md, xml, dre, jpg, jpeg, png, gif, css, js, html, json, mp3, svg, woff, ttf, eot, webm, mp4, and woff2
[error] [2026-07-14T06:09:14.335Z] : ✖ Below file formats are not allowed in Sigma
[info] [2026-07-14T06:09:14.341Z] :  ==> app/grn/.DS_Store
[info] [2026-07-14T06:09:14.341Z] :  ==> app/vendor-comparison/.DS_Store
[info] [2026-07-14T06:09:14.342Z] : Note - File formats that can be packed are: txt, md, xml, dre, jpg, jpeg, png, gif, css, js, html, json, mp3, svg, woff, ttf, eot, webm, mp4, and woff2
[error] [2026-07-14T06:09:14.345Z] : ✖ Below file formats are not allowed in Sigma
[info] [2026-07-14T06:09:14.345Z] :  ==> app/grn/.DS_Store
[info] [2026-07-14T06:09:14.346Z] :  ==> app/vendor-comparison/.DS_Store
[info] [2026-07-14T06:09:14.346Z] : Note - File formats that can be packed are: txt, md, xml, dre, jpg, jpeg, png, gif, css, js, html, json, mp3, svg, woff, ttf, eot, webm, mp4, and woff2
[error] [2026-07-14T06:14:36.028Z] : ✖ Below file formats are not allowed in Sigma
[info] [2026-07-14T06:14:36.038Z] :  ==> app/grn/.DS_Store
[info] [2026-07-14T06:14:36.038Z] :  ==> app/vendor-comparison/.DS_Store
[info] [2026-07-14T06:14:36.038Z] : Note - File formats that can be packed are: txt, md, xml, dre, jpg, jpeg, png, gif, css, js, html, json, mp3, svg, woff, ttf, eot, webm, mp4, and woff2
[error] [2026-07-14T06:14:36.044Z] : ✖ Below file formats are not allowed in Sigma
[info] [2026-07-14T06:14:36.045Z] :  ==> app/grn/.DS_Store
[info] [2026-07-14T06:14:36.045Z] :  ==> app/vendor-comparison/.DS_Store
[info] [2026-07-14T06:14:36.045Z] : Note - File formats that can be packed are: txt, md, xml, dre, jpg, jpeg, png, gif, css, js, html, json, mp3, svg, woff, ttf, eot, webm, mp4, and woff2
[error] [2026-07-14T06:36:01.604Z] : ✖ Below file formats are not allowed in Sigma
[info] [2026-07-14T06:36:01.614Z] :  ==> app/grn/.DS_Store
[info] [2026-07-14T06:36:01.615Z] :  ==> app/vendor-comparison/.DS_Store
[info] [2026-07-14T06:36:01.615Z] : Note - File formats that can be packed are: txt, md, xml, dre, jpg, jpeg, png, gif, css, js, html, json, mp3, svg, woff, ttf, eot, webm, mp4, and woff2
[error] [2026-07-14T06:36:01.621Z] : ✖ Below file formats are not allowed in Sigma
[info] [2026-07-14T06:36:01.621Z] :  ==> app/grn/.DS_Store
[info] [2026-07-14T06:36:01.622Z] :  ==> app/vendor-comparison/.DS_Store
[info] [2026-07-14T06:36:01.622Z] : Note - File formats that can be packed are: txt, md, xml, dre, jpg, jpeg, png, gif, css, js, html, json, mp3, svg, woff, ttf, eot, webm, mp4, and woff2
[error] [2026-07-14T06:41:29.322Z] : ✖ Below file formats are not allowed in Sigma
[info] [2026-07-14T06:41:29.331Z] :  ==> app/grn/.DS_Store
[info] [2026-07-14T06:41:29.332Z] :  ==> app/vendor-comparison/.DS_Store
[info] [2026-07-14T06:41:29.332Z] : Note - File formats that can be packed are: txt, md, xml, dre, jpg, jpeg, png, gif, css, js, html, json, mp3, svg, woff, ttf, eot, webm, mp4, and woff2
[error] [2026-07-14T06:41:29.340Z] : ✖ Below file formats are not allowed in Sigma
[info] [2026-07-14T06:41:29.340Z] :  ==> app/grn/.DS_Store
[info] [2026-07-14T06:41:29.341Z] :  ==> app/vendor-comparison/.DS_Store
[info] [2026-07-14T06:41:29.341Z] : Note - File formats that can be packed are: txt, md, xml, dre, jpg, jpeg, png, gif, css, js, html, json, mp3, svg, woff, ttf, eot, webm, mp4, and woff2
[error] [2026-07-14T10:04:55.665Z] : ✖ Below file formats are not allowed in Sigma
[info] [2026-07-14T10:04:55.666Z] :  ==> app/.DS_Store
[info] [2026-07-14T10:04:55.667Z] :  ==> app/grn/.DS_Store
[info] [2026-07-14T10:04:55.667Z] :  ==> app/vendor-comparison/.DS_Store
[info] [2026-07-14T10:04:55.667Z] : Note - File formats that can be packed are: txt, md, xml, dre, jpg, jpeg, png, gif, css, js, html, json, mp3, svg, woff, ttf, eot, webm, mp4, and woff2
[error] [2026-07-14T10:04:55.670Z] : ✖ Below file formats are not allowed in Sigma
[info] [2026-07-14T10:04:55.671Z] :  ==> app/.DS_Store
[info] [2026-07-14T10:04:55.671Z] :  ==> app/grn/.DS_Store
[info] [2026-07-14T10:04:55.671Z] :  ==> app/vendor-comparison/.DS_Store
[info] [2026-07-14T10:04:55.671Z] : Note - File formats that can be packed are: txt, md, xml, dre, jpg, jpeg, png, gif, css, js, html, json, mp3, svg, woff, ttf, eot, webm, mp4, and woff2
[error] [2026-07-14T10:14:28.413Z] : ✖ Below file formats are not allowed in Sigma
[info] [2026-07-14T10:14:28.421Z] :  ==> app/.DS_Store
[info] [2026-07-14T10:14:28.421Z] :  ==> app/grn/.DS_Store
[info] [2026-07-14T10:14:28.421Z] :  ==> app/vendor-comparison/.DS_Store
[info] [2026-07-14T10:14:28.421Z] : Note - File formats that can be packed are: txt, md, xml, dre, jpg, jpeg, png, gif, css, js, html, json, mp3, svg, woff, ttf, eot, webm, mp4, and woff2
[error] [2026-07-14T10:14:28.427Z] : ✖ Below file formats are not allowed in Sigma
[info] [2026-07-14T10:14:28.427Z] :  ==> app/.DS_Store
[info] [2026-07-14T10:14:28.427Z] :  ==> app/grn/.DS_Store
[info] [2026-07-14T10:14:28.427Z] :  ==> app/vendor-comparison/.DS_Store
[info] [2026-07-14T10:14:28.428Z] : Note - File formats that can be packed are: txt, md, xml, dre, jpg, jpeg, png, gif, css, js, html, json, mp3, svg, woff, ttf, eot, webm, mp4, and woff2
[error] [2026-07-15T14:04:41.924Z] : ✖ Below file formats are not allowed in Sigma
[info] [2026-07-15T14:04:41.933Z] :  ==> app/.DS_Store
[info] [2026-07-15T14:04:41.933Z] :  ==> app/grn/.DS_Store
[info] [2026-07-15T14:04:41.933Z] :  ==> app/vendor-comparison/.DS_Store
[info] [2026-07-15T14:04:41.933Z] : Note - File formats that can be packed are: txt, md, xml, dre, jpg, jpeg, png, gif, css, js, html, json, mp3, svg, woff, ttf, eot, webm, mp4, and woff2
[error] [2026-07-15T14:04:41.939Z] : ✖ Below file formats are not allowed in Sigma
[info] [2026-07-15T14:04:41.940Z] :  ==> app/.DS_Store
[info] [2026-07-15T14:04:41.940Z] :  ==> app/grn/.DS_Store
[info] [2026-07-15T14:04:41.940Z] :  ==> app/vendor-comparison/.DS_Store
[info] [2026-07-15T14:04:41.941Z] : Note - File formats that can be packed are: txt, md, xml, dre, jpg, jpeg, png, gif, css, js, html, json, mp3, svg, woff, ttf, eot, webm, mp4, and woff2
[error] [2026-07-15T14:07:01.020Z] : ✖ Below file formats are not allowed in Sigma
[info] [2026-07-15T14:07:01.029Z] :  ==> app/.DS_Store
[info] [2026-07-15T14:07:01.029Z] :  ==> app/grn/.DS_Store
[info] [2026-07-15T14:07:01.030Z] :  ==> app/vendor-comparison/.DS_Store
[info] [2026-07-15T14:07:01.030Z] : Note - File formats that can be packed are: txt, md, xml, dre, jpg, jpeg, png, gif, css, js, html, json, mp3, svg, woff, ttf, eot, webm, mp4, and woff2
[error] [2026-07-15T14:07:01.037Z] : ✖ Below file formats are not allowed in Sigma
[info] [2026-07-15T14:07:01.037Z] :  ==> app/.DS_Store
[info] [2026-07-15T14:07:01.037Z] :  ==> app/grn/.DS_Store
[info] [2026-07-15T14:07:01.038Z] :  ==> app/vendor-comparison/.DS_Store
[info] [2026-07-15T14:07:01.038Z] : Note - File formats that can be packed are: txt, md, xml, dre, jpg, jpeg, png, gif, css, js, html, json, mp3, svg, woff, ttf, eot, webm, mp4, and woff2
[error] [2026-07-16T09:06:59.937Z] : ✖ Below file formats are not allowed in Sigma
[info] [2026-07-16T09:06:59.945Z] :  ==> app/.DS_Store
[info] [2026-07-16T09:06:59.945Z] :  ==> app/grn/.DS_Store
[info] [2026-07-16T09:06:59.945Z] :  ==> app/pr/.DS_Store
[info] [2026-07-16T09:06:59.945Z] :  ==> app/vendor-comparison/.DS_Store
[info] [2026-07-16T09:06:59.945Z] : Note - File formats that can be packed are: txt, md, xml, dre, jpg, jpeg, png, gif, css, js, html, json, mp3, svg, woff, ttf, eot, webm, mp4, and woff2
[error] [2026-07-16T09:06:59.949Z] : ✖ Below file formats are not allowed in Sigma
[info] [2026-07-16T09:06:59.950Z] :  ==> app/.DS_Store
[info] [2026-07-16T09:06:59.950Z] :  ==> app/grn/.DS_Store
[info] [2026-07-16T09:06:59.950Z] :  ==> app/pr/.DS_Store
[info] [2026-07-16T09:06:59.950Z] :  ==> app/vendor-comparison/.DS_Store
[info] [2026-07-16T09:06:59.951Z] : Note - File formats that can be packed are: txt, md, xml, dre, jpg, jpeg, png, gif, css, js, html, json, mp3, svg, woff, ttf, eot, webm, mp4, and woff2
[error] [2026-07-16T09:11:59.345Z] : ✖ Below file formats are not allowed in Sigma
[info] [2026-07-16T09:11:59.351Z] :  ==> app/.DS_Store
[info] [2026-07-16T09:11:59.352Z] :  ==> app/grn/.DS_Store
[info] [2026-07-16T09:11:59.352Z] :  ==> app/pr/.DS_Store
[info] [2026-07-16T09:11:59.352Z] :  ==> app/vendor-comparison/.DS_Store
[info] [2026-07-16T09:11:59.352Z] : Note - File formats that can be packed are: txt, md, xml, dre, jpg, jpeg, png, gif, css, js, html, json, mp3, svg, woff, ttf, eot, webm, mp4, and woff2
[error] [2026-07-16T09:11:59.356Z] : ✖ Below file formats are not allowed in Sigma
[info] [2026-07-16T09:11:59.357Z] :  ==> app/.DS_Store
[info] [2026-07-16T09:11:59.357Z] :  ==> app/grn/.DS_Store
[info] [2026-07-16T09:11:59.357Z] :  ==> app/pr/.DS_Store
[info] [2026-07-16T09:11:59.357Z] :  ==> app/vendor-comparison/.DS_Store
[info] [2026-07-16T09:11:59.358Z] : Note - File formats that can be packed are: txt, md, xml, dre, jpg, jpeg, png, gif, css, js, html, json, mp3, svg, woff, ttf, eot, webm, mp4, and woff2
[error] [2026-07-16T09:46:04.994Z] : ✖ Below file formats are not allowed in Sigma
[info] [2026-07-16T09:46:05.001Z] :  ==> app/.DS_Store
[info] [2026-07-16T09:46:05.002Z] :  ==> app/grn/.DS_Store
[info] [2026-07-16T09:46:05.002Z] :  ==> app/pr/.DS_Store
[info] [2026-07-16T09:46:05.003Z] :  ==> app/vendor-comparison/.DS_Store
[info] [2026-07-16T09:46:05.005Z] : Note - File formats that can be packed are: txt, md, xml, dre, jpg, jpeg, png, gif, css, js, html, json, mp3, svg, woff, ttf, eot, webm, mp4, and woff2
[error] [2026-07-16T09:46:05.013Z] : ✖ Below file formats are not allowed in Sigma
[info] [2026-07-16T09:46:05.013Z] :  ==> app/.DS_Store
[info] [2026-07-16T09:46:05.013Z] :  ==> app/grn/.DS_Store
[info] [2026-07-16T09:46:05.014Z] :  ==> app/pr/.DS_Store
[info] [2026-07-16T09:46:05.014Z] :  ==> app/vendor-comparison/.DS_Store
[info] [2026-07-16T09:46:05.014Z] : Note - File formats that can be packed are: txt, md, xml, dre, jpg, jpeg, png, gif, css, js, html, json, mp3, svg, woff, ttf, eot, webm, mp4, and woff2
[error] [2026-07-16T12:56:06.454Z] : ✖ Below file formats are not allowed in Sigma
[info] [2026-07-16T12:56:06.461Z] :  ==> app/.DS_Store
[info] [2026-07-16T12:56:06.461Z] :  ==> app/grn/.DS_Store
[info] [2026-07-16T12:56:06.461Z] :  ==> app/pr/.DS_Store
[info] [2026-07-16T12:56:06.461Z] :  ==> app/vendor-comparison/.DS_Store
[info] [2026-07-16T12:56:06.461Z] : Note - File formats that can be packed are: txt, md, xml, dre, jpg, jpeg, png, gif, css, js, html, json, mp3, svg, woff, ttf, eot, webm, mp4, and woff2
[error] [2026-07-16T12:56:06.465Z] : ✖ Below file formats are not allowed in Sigma
[info] [2026-07-16T12:56:06.465Z] :  ==> app/.DS_Store
[info] [2026-07-16T12:56:06.466Z] :  ==> app/grn/.DS_Store
[info] [2026-07-16T12:56:06.466Z] :  ==> app/pr/.DS_Store
[info] [2026-07-16T12:56:06.466Z] :  ==> app/vendor-comparison/.DS_Store
[info] [2026-07-16T12:56:06.466Z] : Note - File formats that can be packed are: txt, md, xml, dre, jpg, jpeg, png, gif, css, js, html, json, mp3, svg, woff, ttf, eot, webm, mp4, and woff2
[error] [2026-07-17T10:21:36.193Z] : ✖ Below file formats are not allowed in Sigma
[info] [2026-07-17T10:21:36.201Z] :  ==> app/.DS_Store
[info] [2026-07-17T10:21:36.201Z] :  ==> app/grn/.DS_Store
[info] [2026-07-17T10:21:36.201Z] :  ==> app/pr/.DS_Store
[info] [2026-07-17T10:21:36.201Z] :  ==> app/vendor-comparison/.DS_Store
[info] [2026-07-17T10:21:36.202Z] : Note - File formats that can be packed are: txt, md, xml, dre, jpg, jpeg, png, gif, css, js, html, json, mp3, svg, woff, ttf, eot, webm, mp4, and woff2
[error] [2026-07-17T10:21:36.205Z] : ✖ Below file formats are not allowed in Sigma
[info] [2026-07-17T10:21:36.205Z] :  ==> app/.DS_Store
[info] [2026-07-17T10:21:36.206Z] :  ==> app/grn/.DS_Store
[info] [2026-07-17T10:21:36.206Z] :  ==> app/pr/.DS_Store
[info] [2026-07-17T10:21:36.206Z] :  ==> app/vendor-comparison/.DS_Store
[info] [2026-07-17T10:21:36.206Z] : Note - File formats that can be packed are: txt, md, xml, dre, jpg, jpeg, png, gif, css, js, html, json, mp3, svg, woff, ttf, eot, webm, mp4, and woff2
[error] [2026-07-18T04:56:30.919Z] : ✖ Below file formats are not allowed in Sigma
[info] [2026-07-18T04:56:30.923Z] :  ==> app/.DS_Store
[info] [2026-07-18T04:56:30.923Z] :  ==> app/grn/.DS_Store
[info] [2026-07-18T04:56:30.923Z] :  ==> app/pr/.DS_Store
[info] [2026-07-18T04:56:30.923Z] :  ==> app/vendor-comparison/.DS_Store
[info] [2026-07-18T04:56:30.924Z] : Note - File formats that can be packed are: txt, md, xml, dre, jpg, jpeg, png, gif, css, js, html, json, mp3, svg, woff, ttf, eot, webm, mp4, and woff2
[error] [2026-07-18T04:56:30.927Z] : ✖ Below file formats are not allowed in Sigma
[info] [2026-07-18T04:56:30.927Z] :  ==> app/.DS_Store
[info] [2026-07-18T04:56:30.928Z] :  ==> app/grn/.DS_Store
[info] [2026-07-18T04:56:30.928Z] :  ==> app/pr/.DS_Store
[info] [2026-07-18T04:56:30.928Z] :  ==> app/vendor-comparison/.DS_Store
[info] [2026-07-18T04:56:30.928Z] : Note - File formats that can be packed are: txt, md, xml, dre, jpg, jpeg, png, gif, css, js, html, json, mp3, svg, woff, ttf, eot, webm, mp4, and woff2
[error] [2026-07-18T09:15:32.427Z] : ✖ Below file formats are not allowed in Sigma
[info] [2026-07-18T09:15:32.432Z] :  ==> app/.DS_Store
[info] [2026-07-18T09:15:32.432Z] :  ==> app/grn/.DS_Store
[info] [2026-07-18T09:15:32.432Z] :  ==> app/pr/.DS_Store
[info] [2026-07-18T09:15:32.432Z] :  ==> app/vendor-comparison/.DS_Store
[info] [2026-07-18T09:15:32.432Z] : Note - File formats that can be packed are: txt, md, xml, dre, jpg, jpeg, png, gif, css, js, html, json, mp3, svg, woff, ttf, eot, webm, mp4, and woff2
[error] [2026-07-18T09:15:32.437Z] : ✖ Below file formats are not allowed in Sigma
[info] [2026-07-18T09:15:32.437Z] :  ==> app/.DS_Store
[info] [2026-07-18T09:15:32.438Z] :  ==> app/grn/.DS_Store
[info] [2026-07-18T09:15:32.438Z] :  ==> app/pr/.DS_Store
[info] [2026-07-18T09:15:32.438Z] :  ==> app/vendor-comparison/.DS_Store
[info] [2026-07-18T09:15:32.438Z] : Note - File formats that can be packed are: txt, md, xml, dre, jpg, jpeg, png, gif, css, js, html, json, mp3, svg, woff, ttf, eot, webm, mp4, and woff2
[error] [2026-07-20T05:31:42.616Z] : ✖ Below file formats are not allowed in Sigma
[info] [2026-07-20T05:31:42.618Z] :  ==> app/.DS_Store
[info] [2026-07-20T05:31:42.619Z] :  ==> app/grn/.DS_Store
[info] [2026-07-20T05:31:42.619Z] :  ==> app/pr/.DS_Store
[info] [2026-07-20T05:31:42.619Z] :  ==> app/vendor-comparison/.DS_Store
[info] [2026-07-20T05:31:42.619Z] : Note - File formats that can be packed are: txt, md, xml, dre, jpg, jpeg, png, gif, css, js, html, json, mp3, svg, woff, ttf, eot, webm, mp4, and woff2
[error] [2026-07-20T05:31:42.625Z] : ✖ Below file formats are not allowed in Sigma
[info] [2026-07-20T05:31:42.625Z] :  ==> app/.DS_Store
[info] [2026-07-20T05:31:42.626Z] :  ==> app/grn/.DS_Store
[info] [2026-07-20T05:31:42.626Z] :  ==> app/pr/.DS_Store
[info] [2026-07-20T05:31:42.626Z] :  ==> app/vendor-comparison/.DS_Store
[info] [2026-07-20T05:31:42.626Z] : Note - File formats that can be packed are: txt, md, xml, dre, jpg, jpeg, png, gif, css, js, html, json, mp3, svg, woff, ttf, eot, webm, mp4, and woff2
[error] [2026-07-20T06:31:57.892Z] : ✖ Below file formats are not allowed in Sigma
[info] [2026-07-20T06:31:57.905Z] :  ==> app/.DS_Store
[info] [2026-07-20T06:31:57.905Z] :  ==> app/grn/.DS_Store
[info] [2026-07-20T06:31:57.905Z] :  ==> app/pr/.DS_Store
[info] [2026-07-20T06:31:57.905Z] :  ==> app/vendor-comparison/.DS_Store
[info] [2026-07-20T06:31:57.906Z] : Note - File formats that can be packed are: txt, md, xml, dre, jpg, jpeg, png, gif, css, js, html, json, mp3, svg, woff, ttf, eot, webm, mp4, and woff2
[error] [2026-07-20T06:31:57.911Z] : ✖ Below file formats are not allowed in Sigma
[info] [2026-07-20T06:31:57.911Z] :  ==> app/.DS_Store
[info] [2026-07-20T06:31:57.911Z] :  ==> app/grn/.DS_Store
[info] [2026-07-20T06:31:57.912Z] :  ==> app/pr/.DS_Store
[info] [2026-07-20T06:31:57.912Z] :  ==> app/vendor-comparison/.DS_Store
[info] [2026-07-20T06:31:57.912Z] : Note - File formats that can be packed are: txt, md, xml, dre, jpg, jpeg, png, gif, css, js, html, json, mp3, svg, woff, ttf, eot, webm, mp4, and woff2
[error] [2026-07-20T07:39:31.038Z] : ✖ Below file formats are not allowed in Sigma
[info] [2026-07-20T07:39:31.044Z] :  ==> app/.DS_Store
[info] [2026-07-20T07:39:31.044Z] :  ==> app/grn/.DS_Store
[info] [2026-07-20T07:39:31.045Z] :  ==> app/pr/.DS_Store
[info] [2026-07-20T07:39:31.045Z] :  ==> app/vendor-comparison/.DS_Store
[info] [2026-07-20T07:39:31.045Z] : Note - File formats that can be packed are: txt, md, xml, dre, jpg, jpeg, png, gif, css, js, html, json, mp3, svg, woff, ttf, eot, webm, mp4, and woff2
[error] [2026-07-20T07:39:31.048Z] : ✖ Below file formats are not allowed in Sigma
[info] [2026-07-20T07:39:31.049Z] :  ==> app/.DS_Store
[info] [2026-07-20T07:39:31.049Z] :  ==> app/grn/.DS_Store
[info] [2026-07-20T07:39:31.049Z] :  ==> app/pr/.DS_Store
[info] [2026-07-20T07:39:31.049Z] :  ==> app/vendor-comparison/.DS_Store
[info] [2026-07-20T07:39:31.049Z] : Note - File formats that can be packed are: txt, md, xml, dre, jpg, jpeg, png, gif, css, js, html, json, mp3, svg, woff, ttf, eot, webm, mp4, and woff2
[error] [2026-07-20T07:55:02.740Z] : ✖ Below file formats are not allowed in Sigma
[info] [2026-07-20T07:55:02.750Z] :  ==> app/.DS_Store
[info] [2026-07-20T07:55:02.751Z] :  ==> app/grn/.DS_Store
[info] [2026-07-20T07:55:02.751Z] :  ==> app/pr/.DS_Store
[info] [2026-07-20T07:55:02.751Z] :  ==> app/vendor-comparison/.DS_Store
[info] [2026-07-20T07:55:02.752Z] : Note - File formats that can be packed are: txt, md, xml, dre, jpg, jpeg, png, gif, css, js, html, json, mp3, svg, woff, ttf, eot, webm, mp4, and woff2
[error] [2026-07-20T07:55:02.757Z] : ✖ Below file formats are not allowed in Sigma
[info] [2026-07-20T07:55:02.758Z] :  ==> app/.DS_Store
[info] [2026-07-20T07:55:02.758Z] :  ==> app/grn/.DS_Store
[info] [2026-07-20T07:55:02.759Z] :  ==> app/pr/.DS_Store
[info] [2026-07-20T07:55:02.759Z] :  ==> app/vendor-comparison/.DS_Store
[info] [2026-07-20T07:55:02.759Z] : Note - File formats that can be packed are: txt, md, xml, dre, jpg, jpeg, png, gif, css, js, html, json, mp3, svg, woff, ttf, eot, webm, mp4, and woff2
[error] [2026-07-20T08:11:56.632Z] : ✖ Below file formats are not allowed in Sigma
[info] [2026-07-20T08:11:56.641Z] :  ==> app/.DS_Store
[info] [2026-07-20T08:11:56.641Z] :  ==> app/grn/.DS_Store
[info] [2026-07-20T08:11:56.641Z] :  ==> app/pr/.DS_Store
[info] [2026-07-20T08:11:56.641Z] :  ==> app/vendor-comparison/.DS_Store
[info] [2026-07-20T08:11:56.642Z] : Note - File formats that can be packed are: txt, md, xml, dre, jpg, jpeg, png, gif, css, js, html, json, mp3, svg, woff, ttf, eot, webm, mp4, and woff2
[error] [2026-07-20T08:11:56.648Z] : ✖ Below file formats are not allowed in Sigma
[info] [2026-07-20T08:11:56.648Z] :  ==> app/.DS_Store
[info] [2026-07-20T08:11:56.648Z] :  ==> app/grn/.DS_Store
[info] [2026-07-20T08:11:56.649Z] :  ==> app/pr/.DS_Store
[info] [2026-07-20T08:11:56.649Z] :  ==> app/vendor-comparison/.DS_Store
[info] [2026-07-20T08:11:56.649Z] : Note - File formats that can be packed are: txt, md, xml, dre, jpg, jpeg, png, gif, css, js, html, json, mp3, svg, woff, ttf, eot, webm, mp4, and woff2
[error] [2026-07-20T14:34:42.931Z] : ✖ Below file formats are not allowed in Sigma
[info] [2026-07-20T14:34:42.939Z] :  ==> app/.DS_Store
[info] [2026-07-20T14:34:42.939Z] :  ==> app/grn/.DS_Store
[info] [2026-07-20T14:34:42.939Z] :  ==> app/pr/.DS_Store
[info] [2026-07-20T14:34:42.939Z] :  ==> app/vendor-comparison/.DS_Store
[info] [2026-07-20T14:34:42.940Z] : Note - File formats that can be packed are: txt, md, xml, dre, jpg, jpeg, png, gif, css, js, html, json, mp3, svg, woff, ttf, eot, webm, mp4, and woff2
[error] [2026-07-20T14:34:42.946Z] : ✖ Below file formats are not allowed in Sigma
[info] [2026-07-20T14:34:42.946Z] :  ==> app/.DS_Store
[info] [2026-07-20T14:34:42.947Z] :  ==> app/grn/.DS_Store
[info] [2026-07-20T14:34:42.947Z] :  ==> app/pr/.DS_Store
[info] [2026-07-20T14:34:42.947Z] :  ==> app/vendor-comparison/.DS_Store
[info] [2026-07-20T14:34:42.948Z] : Note - File formats that can be packed are: txt, md, xml, dre, jpg, jpeg, png, gif, css, js, html, json, mp3, svg, woff, ttf, eot, webm, mp4, and woff2
[error] [2026-07-21T05:57:30.804Z] : ✖ Below file formats are not allowed in Sigma
[info] [2026-07-21T05:57:30.821Z] :  ==> app/.DS_Store
[info] [2026-07-21T05:57:30.821Z] :  ==> app/grn/.DS_Store
[info] [2026-07-21T05:57:30.821Z] :  ==> app/pr/.DS_Store
[info] [2026-07-21T05:57:30.822Z] :  ==> app/vendor-comparison/.DS_Store
[info] [2026-07-21T05:57:30.822Z] : Note - File formats that can be packed are: txt, md, xml, dre, jpg, jpeg, png, gif, css, js, html, json, mp3, svg, woff, ttf, eot, webm, mp4, and woff2
[error] [2026-07-21T05:57:30.828Z] : ✖ Below file formats are not allowed in Sigma
[info] [2026-07-21T05:57:30.828Z] :  ==> app/.DS_Store
[info] [2026-07-21T05:57:30.829Z] :  ==> app/grn/.DS_Store
[info] [2026-07-21T05:57:30.829Z] :  ==> app/pr/.DS_Store
[info] [2026-07-21T05:57:30.829Z] :  ==> app/vendor-comparison/.DS_Store
[info] [2026-07-21T05:57:30.829Z] : Note - File formats that can be packed are: txt, md, xml, dre, jpg, jpeg, png, gif, css, js, html, json, mp3, svg, woff, ttf, eot, webm, mp4, and woff2
[error] [2026-07-21T09:19:36.716Z] : ✖ Below file formats are not allowed in Sigma
[info] [2026-07-21T09:19:36.722Z] :  ==> app/.DS_Store
[info] [2026-07-21T09:19:36.722Z] :  ==> app/grn/.DS_Store
[info] [2026-07-21T09:19:36.722Z] :  ==> app/pr/.DS_Store
[info] [2026-07-21T09:19:36.722Z] :  ==> app/vendor-comparison/.DS_Store
[info] [2026-07-21T09:19:36.723Z] : Note - File formats that can be packed are: txt, md, xml, dre, jpg, jpeg, png, gif, css, js, html, json, mp3, svg, woff, ttf, eot, webm, mp4, and woff2
[error] [2026-07-21T09:19:36.726Z] : ✖ Below file formats are not allowed in Sigma
[info] [2026-07-21T09:19:36.726Z] :  ==> app/.DS_Store
[info] [2026-07-21T09:19:36.726Z] :  ==> app/grn/.DS_Store
[info] [2026-07-21T09:19:36.727Z] :  ==> app/pr/.DS_Store
[info] [2026-07-21T09:19:36.727Z] :  ==> app/vendor-comparison/.DS_Store
[info] [2026-07-21T09:19:36.727Z] : Note - File formats that can be packed are: txt, md, xml, dre, jpg, jpeg, png, gif, css, js, html, json, mp3, svg, woff, ttf, eot, webm, mp4, and woff2
[error] [2026-07-21T12:47:03.080Z] : ✖ Below file formats are not allowed in Sigma
[info] [2026-07-21T12:47:03.087Z] :  ==> app/.DS_Store
[info] [2026-07-21T12:47:03.087Z] :  ==> app/grn/.DS_Store
[info] [2026-07-21T12:47:03.087Z] :  ==> app/pr/.DS_Store
[info] [2026-07-21T12:47:03.087Z] :  ==> app/vendor-comparison/.DS_Store
[info] [2026-07-21T12:47:03.088Z] : Note - File formats that can be packed are: txt, md, xml, dre, jpg, jpeg, png, gif, css, js, html, json, mp3, svg, woff, ttf, eot, webm, mp4, and woff2
[error] [2026-07-21T12:47:11.900Z] : ✖ You are not currently logged in. Use command 'ZET login' to login.
[info] [2026-07-21T12:47:19.515Z] : 
[info] [2026-07-21T12:47:19.523Z] : Click this URL to login to your Zoho Account
[info] [2026-07-21T12:47:19.523Z] : https://accounts.zoho.com/oauth/v2/auth?client_id=1000.gnjph6g96nf23jd4u14tba2egykhik&scope=ZAPPS.apps.ALL%20AaaServer.profile.READ%20ZMProcessors.connectors.CREATE&response_type=code&access_type=offline&prompt=consent&redirect_uri=http%3A%2F%2Flocalhost%3A9005
[info] [2026-07-21T12:47:19.523Z] : Note: To login to CN DC, update the above URL from accounts.zoho.com to accounts.zoho.com.cn
[info] [2026-07-21T12:47:19.523Z] : 
[debug] [2026-07-21T12:47:39.856Z] : DCType Of the user is in
[debug] [2026-07-21T12:47:39.861Z] : >>>> HTTP REQUEST : POST https://accounts.zoho.in/oauth/v2/token 
<request query omitted>

[debug] [2026-07-21T12:47:40.056Z] : <<<< HTTP RESPONSE : 200
Response Headers{"server":"ZGS","date":"Tue, 21 Jul 2026 12:47:40 GMT","content-type":"application/json;charset=UTF-8","content-length":"336","connection":"keep-alive","set-cookie":["zalb_50e15ce8e1=d5a89c35acb18f66361eb8ed9d2d60f6; Path=/; Secure; HttpOnly","iamcsr=f9b694dc-d191-4544-a589-9ba52b730d69;path=/;SameSite=Strict;Secure;priority=high"],"cache-control":"no-store","x-content-type-options":"nosniff","content-security-policy":"script-src 'self' 'unsafe-inline' 'unsafe-eval' https://*.zohocdn.com https://*.zoho.com https://*.zoho.eu https://*.zoho.com.cn https://*.zoho.com.au https://*.zoho.jp https://*.zoho.uk https://*.zoho.sa https://*.zohocloud.ca; report-uri https://logsapi.zoho.in/csplog?service=accounts;","pragma":"no-cache","x-frame-options":"SAMEORIGIN","content-language":"en-US","strict-transport-security":"max-age=64072000; includeSubDomains; preload"}

[debug] [2026-07-21T12:47:40.056Z] : TOTAL TIME TAKEN : 194 ms

[debug] [2026-07-21T12:47:40.061Z] : >>>> HTTP REQUEST : GET https://accounts.zoho.in/oauth/user/info 

[debug] [2026-07-21T12:47:40.100Z] : <<<< HTTP RESPONSE : 200
Response Headers{"server":"ZGS","date":"Tue, 21 Jul 2026 12:47:40 GMT","content-type":"application/json;charset=UTF-8","content-length":"170","connection":"keep-alive","set-cookie":["zalb_50e15ce8e1=31a7aa4e979668a9e3f09f3a59e92946; Path=/; Secure; HttpOnly","iamcsr=85a478d2-cf2f-404f-af66-7fb11a9a228b;path=/;SameSite=Strict;Secure;priority=high"],"x-content-type-options":"nosniff","content-security-policy":"script-src 'self' 'unsafe-inline' 'unsafe-eval' https://*.zohocdn.com https://*.zoho.com https://*.zoho.eu https://*.zoho.com.cn https://*.zoho.com.au https://*.zoho.jp https://*.zoho.uk https://*.zoho.sa https://*.zohocloud.ca; report-uri https://logsapi.zoho.in/csplog?service=accounts;","cache-control":"private,no-cache,no-store,max-age=0,must-revalidate","pragma":"no-cache","expires":"Thu, 01 Jan 1970 00:00:00 GMT","x-frame-options":"SAMEORIGIN","content-language":"en-US","strict-transport-security":"max-age=64072000; includeSubDomains; preload"}

[info] [2026-07-21T12:47:53.864Z] : ✔ Logged as : zohoone@apcobuildingsolutions.com
[info] [2026-07-21T12:48:02.618Z] : ℹ Command ZET push not applicable for the selected service as it is not mapped to ZET online model.
[error] [2026-07-21T12:54:43.082Z] : ✖ Below file formats are not allowed in Sigma
[info] [2026-07-21T12:54:43.089Z] :  ==> app/.DS_Store
[info] [2026-07-21T12:54:43.089Z] :  ==> app/grn/.DS_Store
[info] [2026-07-21T12:54:43.090Z] :  ==> app/pr/.DS_Store
[info] [2026-07-21T12:54:43.090Z] :  ==> app/vendor-comparison/.DS_Store
[info] [2026-07-21T12:54:43.090Z] : Note - File formats that can be packed are: txt, md, xml, dre, jpg, jpeg, png, gif, css, js, html, json, mp3, svg, woff, ttf, eot, webm, mp4, and woff2
[error] [2026-07-21T12:54:43.093Z] : ✖ Below file formats are not allowed in Sigma
[info] [2026-07-21T12:54:43.094Z] :  ==> app/.DS_Store
[info] [2026-07-21T12:54:43.094Z] :  ==> app/grn/.DS_Store
[info] [2026-07-21T12:54:43.094Z] :  ==> app/pr/.DS_Store
[info] [2026-07-21T12:54:43.094Z] :  ==> app/vendor-comparison/.DS_Store
[info] [2026-07-21T12:54:43.094Z] : Note - File formats that can be packed are: txt, md, xml, dre, jpg, jpeg, png, gif, css, js, html, json, mp3, svg, woff, ttf, eot, webm, mp4, and woff2
[error] [2026-07-21T12:56:49.660Z] : ✖ Below file formats are not allowed in Sigma
[info] [2026-07-21T12:56:49.666Z] :  ==> app/.DS_Store
[info] [2026-07-21T12:56:49.666Z] :  ==> app/grn/.DS_Store
[info] [2026-07-21T12:56:49.666Z] :  ==> app/pr/.DS_Store
[info] [2026-07-21T12:56:49.666Z] :  ==> app/vendor-comparison/.DS_Store
[info] [2026-07-21T12:56:49.667Z] : Note - File formats that can be packed are: txt, md, xml, dre, jpg, jpeg, png, gif, css, js, html, json, mp3, svg, woff, ttf, eot, webm, mp4, and woff2
[error] [2026-07-21T12:56:49.670Z] : ✖ Below file formats are not allowed in Sigma
[info] [2026-07-21T12:56:49.671Z] :  ==> app/.DS_Store
[info] [2026-07-21T12:56:49.671Z] :  ==> app/grn/.DS_Store
[info] [2026-07-21T12:56:49.671Z] :  ==> app/pr/.DS_Store
[info] [2026-07-21T12:56:49.671Z] :  ==> app/vendor-comparison/.DS_Store
[info] [2026-07-21T12:56:49.671Z] : Note - File formats that can be packed are: txt, md, xml, dre, jpg, jpeg, png, gif, css, js, html, json, mp3, svg, woff, ttf, eot, webm, mp4, and woff2
[error] [2026-07-24T03:28:49.930Z] : ✖ Below file formats are not allowed in Sigma
[info] [2026-07-24T03:28:49.941Z] :  ==> app/.DS_Store
[info] [2026-07-24T03:28:49.942Z] :  ==> app/grn/.DS_Store
[info] [2026-07-24T03:28:49.942Z] :  ==> app/pr/.DS_Store
[info] [2026-07-24T03:28:49.942Z] :  ==> app/vendor-comparison/.DS_Store
[info] [2026-07-24T03:28:49.943Z] : Note - File formats that can be packed are: txt, md, xml, dre, jpg, jpeg, png, gif, css, js, html, json, mp3, svg, woff, ttf, eot, webm, mp4, and woff2
[error] [2026-07-24T03:28:49.950Z] : ✖ Below file formats are not allowed in Sigma
[info] [2026-07-24T03:28:49.950Z] :  ==> app/.DS_Store
[info] [2026-07-24T03:28:49.950Z] :  ==> app/grn/.DS_Store
[info] [2026-07-24T03:28:49.951Z] :  ==> app/pr/.DS_Store
[info] [2026-07-24T03:28:49.951Z] :  ==> app/vendor-comparison/.DS_Store
[info] [2026-07-24T03:28:49.951Z] : Note - File formats that can be packed are: txt, md, xml, dre, jpg, jpeg, png, gif, css, js, html, json, mp3, svg, woff, ttf, eot, webm, mp4, and woff2
[error] [2026-07-24T05:31:35.754Z] : ✖ Below file formats are not allowed in Sigma
[info] [2026-07-24T05:31:35.762Z] :  ==> app/.DS_Store
[info] [2026-07-24T05:31:35.762Z] :  ==> app/grn/.DS_Store
[info] [2026-07-24T05:31:35.763Z] :  ==> app/pr/.DS_Store
[info] [2026-07-24T05:31:35.763Z] :  ==> app/vendor-comparison/.DS_Store
[info] [2026-07-24T05:31:35.763Z] : Note - File formats that can be packed are: txt, md, xml, dre, jpg, jpeg, png, gif, css, js, html, json, mp3, svg, woff, ttf, eot, webm, mp4, and woff2
[error] [2026-07-24T05:31:35.767Z] : ✖ Below file formats are not allowed in Sigma
[info] [2026-07-24T05:31:35.767Z] :  ==> app/.DS_Store
[info] [2026-07-24T05:31:35.767Z] :  ==> app/grn/.DS_Store
[info] [2026-07-24T05:31:35.768Z] :  ==> app/pr/.DS_Store
[info] [2026-07-24T05:31:35.768Z] :  ==> app/vendor-comparison/.DS_Store
[info] [2026-07-24T05:31:35.768Z] : Note - File formats that can be packed are: txt, md, xml, dre, jpg, jpeg, png, gif, css, js, html, json, mp3, svg, woff, ttf, eot, webm, mp4, and woff2
[error] [2026-07-24T06:57:06.642Z] : ✖ Below file formats are not allowed in Sigma
[info] [2026-07-24T06:57:06.643Z] :  ==> app/.DS_Store
[info] [2026-07-24T06:57:06.644Z] :  ==> app/grn/.DS_Store
[info] [2026-07-24T06:57:06.644Z] :  ==> app/pr/.DS_Store
[info] [2026-07-24T06:57:06.644Z] :  ==> app/vendor-comparison/.DS_Store
[info] [2026-07-24T06:57:06.644Z] : Note - File formats that can be packed are: txt, md, xml, dre, jpg, jpeg, png, gif, css, js, html, json, mp3, svg, woff, ttf, eot, webm, mp4, and woff2
[error] [2026-07-24T06:57:06.647Z] : ✖ Below file formats are not allowed in Sigma
[info] [2026-07-24T06:57:06.647Z] :  ==> app/.DS_Store
[info] [2026-07-24T06:57:06.648Z] :  ==> app/grn/.DS_Store
[info] [2026-07-24T06:57:06.648Z] :  ==> app/pr/.DS_Store
[info] [2026-07-24T06:57:06.648Z] :  ==> app/vendor-comparison/.DS_Store
[info] [2026-07-24T06:57:06.648Z] : Note - File formats that can be packed are: txt, md, xml, dre, jpg, jpeg, png, gif, css, js, html, json, mp3, svg, woff, ttf, eot, webm, mp4, and woff2
[error] [2026-07-24T07:18:24.936Z] : ✖ Below file formats are not allowed in Sigma
[info] [2026-07-24T07:18:24.943Z] :  ==> app/.DS_Store
[info] [2026-07-24T07:18:24.943Z] :  ==> app/grn/.DS_Store
[info] [2026-07-24T07:18:24.943Z] :  ==> app/pr/.DS_Store
[info] [2026-07-24T07:18:24.943Z] :  ==> app/vendor-comparison/.DS_Store
[info] [2026-07-24T07:18:24.944Z] : Note - File formats that can be packed are: txt, md, xml, dre, jpg, jpeg, png, gif, css, js, html, json, mp3, svg, woff, ttf, eot, webm, mp4, and woff2
[error] [2026-07-24T07:18:24.948Z] : ✖ Below file formats are not allowed in Sigma
[info] [2026-07-24T07:18:24.948Z] :  ==> app/.DS_Store
[info] [2026-07-24T07:18:24.948Z] :  ==> app/grn/.DS_Store
[info] [2026-07-24T07:18:24.948Z] :  ==> app/pr/.DS_Store
[info] [2026-07-24T07:18:24.949Z] :  ==> app/vendor-comparison/.DS_Store
[info] [2026-07-24T07:18:24.949Z] : Note - File formats that can be packed are: txt, md, xml, dre, jpg, jpeg, png, gif, css, js, html, json, mp3, svg, woff, ttf, eot, webm, mp4, and woff2
[error] [2026-07-24T07:36:24.053Z] : ✖ Below file formats are not allowed in Sigma
[info] [2026-07-24T07:36:24.060Z] :  ==> app/.DS_Store
[info] [2026-07-24T07:36:24.060Z] :  ==> app/grn/.DS_Store
[info] [2026-07-24T07:36:24.060Z] :  ==> app/pr/.DS_Store
[info] [2026-07-24T07:36:24.060Z] :  ==> app/vendor-comparison/.DS_Store
[info] [2026-07-24T07:36:24.060Z] : Note - File formats that can be packed are: txt, md, xml, dre, jpg, jpeg, png, gif, css, js, html, json, mp3, svg, woff, ttf, eot, webm, mp4, and woff2
[error] [2026-07-24T07:36:24.064Z] : ✖ Below file formats are not allowed in Sigma
[info] [2026-07-24T07:36:24.064Z] :  ==> app/.DS_Store
[info] [2026-07-24T07:36:24.064Z] :  ==> app/grn/.DS_Store
[info] [2026-07-24T07:36:24.065Z] :  ==> app/pr/.DS_Store
[info] [2026-07-24T07:36:24.065Z] :  ==> app/vendor-comparison/.DS_Store
[info] [2026-07-24T07:36:24.065Z] : Note - File formats that can be packed are: txt, md, xml, dre, jpg, jpeg, png, gif, css, js, html, json, mp3, svg, woff, ttf, eot, webm, mp4, and woff2
[error] [2026-07-24T07:39:49.009Z] : ✖ Below file formats are not allowed in Sigma
[info] [2026-07-24T07:39:49.017Z] :  ==> app/.DS_Store
[info] [2026-07-24T07:39:49.018Z] :  ==> app/grn/.DS_Store
[info] [2026-07-24T07:39:49.018Z] :  ==> app/pr/.DS_Store
[info] [2026-07-24T07:39:49.018Z] :  ==> app/vendor-comparison/.DS_Store
[info] [2026-07-24T07:39:49.018Z] : Note - File formats that can be packed are: txt, md, xml, dre, jpg, jpeg, png, gif, css, js, html, json, mp3, svg, woff, ttf, eot, webm, mp4, and woff2
[error] [2026-07-24T07:39:49.022Z] : ✖ Below file formats are not allowed in Sigma
[info] [2026-07-24T07:39:49.022Z] :  ==> app/.DS_Store
[info] [2026-07-24T07:39:49.023Z] :  ==> app/grn/.DS_Store
[info] [2026-07-24T07:39:49.023Z] :  ==> app/pr/.DS_Store
[info] [2026-07-24T07:39:49.023Z] :  ==> app/vendor-comparison/.DS_Store
[info] [2026-07-24T07:39:49.023Z] : Note - File formats that can be packed are: txt, md, xml, dre, jpg, jpeg, png, gif, css, js, html, json, mp3, svg, woff, ttf, eot, webm, mp4, and woff2
[error] [2026-07-24T07:42:15.175Z] : ✖ Below file formats are not allowed in Sigma
[info] [2026-07-24T07:42:15.183Z] :  ==> app/.DS_Store
[info] [2026-07-24T07:42:15.183Z] :  ==> app/grn/.DS_Store
[info] [2026-07-24T07:42:15.183Z] :  ==> app/pr/.DS_Store
[info] [2026-07-24T07:42:15.183Z] :  ==> app/vendor-comparison/.DS_Store
[info] [2026-07-24T07:42:15.184Z] : Note - File formats that can be packed are: txt, md, xml, dre, jpg, jpeg, png, gif, css, js, html, json, mp3, svg, woff, ttf, eot, webm, mp4, and woff2
[error] [2026-07-24T07:42:15.189Z] : ✖ Below file formats are not allowed in Sigma
[info] [2026-07-24T07:42:15.189Z] :  ==> app/.DS_Store
[info] [2026-07-24T07:42:15.190Z] :  ==> app/grn/.DS_Store
[info] [2026-07-24T07:42:15.190Z] :  ==> app/pr/.DS_Store
[info] [2026-07-24T07:42:15.190Z] :  ==> app/vendor-comparison/.DS_Store
[info] [2026-07-24T07:42:15.190Z] : Note - File formats that can be packed are: txt, md, xml, dre, jpg, jpeg, png, gif, css, js, html, json, mp3, svg, woff, ttf, eot, webm, mp4, and woff2
[error] [2026-07-24T07:44:21.467Z] : ✖ Below file formats are not allowed in Sigma
[info] [2026-07-24T07:44:21.482Z] :  ==> app/.DS_Store
[info] [2026-07-24T07:44:21.483Z] :  ==> app/grn/.DS_Store
[info] [2026-07-24T07:44:21.483Z] :  ==> app/pr/.DS_Store
[info] [2026-07-24T07:44:21.483Z] :  ==> app/vendor-comparison/.DS_Store
[info] [2026-07-24T07:44:21.483Z] : Note - File formats that can be packed are: txt, md, xml, dre, jpg, jpeg, png, gif, css, js, html, json, mp3, svg, woff, ttf, eot, webm, mp4, and woff2
[error] [2026-07-24T07:44:21.489Z] : ✖ Below file formats are not allowed in Sigma
[info] [2026-07-24T07:44:21.490Z] :  ==> app/.DS_Store
[info] [2026-07-24T07:44:21.490Z] :  ==> app/grn/.DS_Store
[info] [2026-07-24T07:44:21.491Z] :  ==> app/pr/.DS_Store
[info] [2026-07-24T07:44:21.491Z] :  ==> app/vendor-comparison/.DS_Store
[info] [2026-07-24T07:44:21.491Z] : Note - File formats that can be packed are: txt, md, xml, dre, jpg, jpeg, png, gif, css, js, html, json, mp3, svg, woff, ttf, eot, webm, mp4, and woff2
[error] [2026-07-24T07:47:19.048Z] : ✖ Below file formats are not allowed in Sigma
[info] [2026-07-24T07:47:19.053Z] :  ==> app/.DS_Store
[info] [2026-07-24T07:47:19.053Z] :  ==> app/grn/.DS_Store
[info] [2026-07-24T07:47:19.053Z] :  ==> app/pr/.DS_Store
[info] [2026-07-24T07:47:19.054Z] :  ==> app/vendor-comparison/.DS_Store
[info] [2026-07-24T07:47:19.054Z] : Note - File formats that can be packed are: txt, md, xml, dre, jpg, jpeg, png, gif, css, js, html, json, mp3, svg, woff, ttf, eot, webm, mp4, and woff2
[error] [2026-07-24T07:47:19.057Z] : ✖ Below file formats are not allowed in Sigma
[info] [2026-07-24T07:47:19.057Z] :  ==> app/.DS_Store
[info] [2026-07-24T07:47:19.058Z] :  ==> app/grn/.DS_Store
[info] [2026-07-24T07:47:19.058Z] :  ==> app/pr/.DS_Store
[info] [2026-07-24T07:47:19.058Z] :  ==> app/vendor-comparison/.DS_Store
[info] [2026-07-24T07:47:19.058Z] : Note - File formats that can be packed are: txt, md, xml, dre, jpg, jpeg, png, gif, css, js, html, json, mp3, svg, woff, ttf, eot, webm, mp4, and woff2
[error] [2026-07-24T08:24:31.020Z] : ✖ Below file formats are not allowed in Sigma
[info] [2026-07-24T08:24:31.029Z] :  ==> app/.DS_Store
[info] [2026-07-24T08:24:31.030Z] :  ==> app/grn/.DS_Store
[info] [2026-07-24T08:24:31.030Z] :  ==> app/pr/.DS_Store
[info] [2026-07-24T08:24:31.030Z] :  ==> app/vendor-comparison/.DS_Store
[info] [2026-07-24T08:24:31.031Z] : Note - File formats that can be packed are: txt, md, xml, dre, jpg, jpeg, png, gif, css, js, html, json, mp3, svg, woff, ttf, eot, webm, mp4, and woff2
[error] [2026-07-24T08:24:31.037Z] : ✖ Below file formats are not allowed in Sigma
[info] [2026-07-24T08:24:31.038Z] :  ==> app/.DS_Store
[info] [2026-07-24T08:24:31.038Z] :  ==> app/grn/.DS_Store
[info] [2026-07-24T08:24:31.038Z] :  ==> app/pr/.DS_Store
[info] [2026-07-24T08:24:31.039Z] :  ==> app/vendor-comparison/.DS_Store
[info] [2026-07-24T08:24:31.039Z] : Note - File formats that can be packed are: txt, md, xml, dre, jpg, jpeg, png, gif, css, js, html, json, mp3, svg, woff, ttf, eot, webm, mp4, and woff2
[error] [2026-07-24T08:26:25.390Z] : ✖ Below file formats are not allowed in Sigma
[info] [2026-07-24T08:26:25.404Z] :  ==> app/.DS_Store
[info] [2026-07-24T08:26:25.404Z] :  ==> app/grn/.DS_Store
[info] [2026-07-24T08:26:25.405Z] :  ==> app/pr/.DS_Store
[info] [2026-07-24T08:26:25.405Z] :  ==> app/vendor-comparison/.DS_Store
[info] [2026-07-24T08:26:25.406Z] : Note - File formats that can be packed are: txt, md, xml, dre, jpg, jpeg, png, gif, css, js, html, json, mp3, svg, woff, ttf, eot, webm, mp4, and woff2
[error] [2026-07-24T08:26:25.416Z] : ✖ Below file formats are not allowed in Sigma
[info] [2026-07-24T08:26:25.417Z] :  ==> app/.DS_Store
[info] [2026-07-24T08:26:25.418Z] :  ==> app/grn/.DS_Store
[info] [2026-07-24T08:26:25.419Z] :  ==> app/pr/.DS_Store
[info] [2026-07-24T08:26:25.419Z] :  ==> app/vendor-comparison/.DS_Store
[info] [2026-07-24T08:26:25.420Z] : Note - File formats that can be packed are: txt, md, xml, dre, jpg, jpeg, png, gif, css, js, html, json, mp3, svg, woff, ttf, eot, webm, mp4, and woff2
[error] [2026-07-28T04:12:39.015Z] : ✖ Below file formats are not allowed in Sigma
[info] [2026-07-28T04:12:39.024Z] :  ==> app/.DS_Store
[info] [2026-07-28T04:12:39.024Z] :  ==> app/grn/.DS_Store
[info] [2026-07-28T04:12:39.024Z] :  ==> app/pr/.DS_Store
[info] [2026-07-28T04:12:39.024Z] :  ==> app/vendor-comparison/.DS_Store
[info] [2026-07-28T04:12:39.025Z] : Note - File formats that can be packed are: txt, md, xml, dre, jpg, jpeg, png, gif, css, js, html, json, mp3, svg, woff, ttf, eot, webm, mp4, and woff2
[error] [2026-07-28T04:12:39.029Z] : ✖ Below file formats are not allowed in Sigma
[info] [2026-07-28T04:12:39.029Z] :  ==> app/.DS_Store
[info] [2026-07-28T04:12:39.030Z] :  ==> app/grn/.DS_Store
[info] [2026-07-28T04:12:39.030Z] :  ==> app/pr/.DS_Store
[info] [2026-07-28T04:12:39.030Z] :  ==> app/vendor-comparison/.DS_Store
[info] [2026-07-28T04:12:39.030Z] : Note - File formats that can be packed are: txt, md, xml, dre, jpg, jpeg, png, gif, css, js, html, json, mp3, svg, woff, ttf, eot, webm, mp4, and woff2
[error] [2026-07-28T16:56:40.508Z] : ✖ Below file formats are not allowed in Sigma
[info] [2026-07-28T16:56:40.510Z] :  ==> app/.DS_Store
[info] [2026-07-28T16:56:40.510Z] :  ==> app/grn/.DS_Store
[info] [2026-07-28T16:56:40.510Z] :  ==> app/pr/.DS_Store
[info] [2026-07-28T16:56:40.510Z] :  ==> app/vendor-comparison/.DS_Store
[info] [2026-07-28T16:56:40.511Z] : Note - File formats that can be packed are: txt, md, xml, dre, jpg, jpeg, png, gif, css, js, html, json, mp3, svg, woff, ttf, eot, webm, mp4, and woff2
[error] [2026-07-28T16:56:40.514Z] : ✖ Below file formats are not allowed in Sigma
[info] [2026-07-28T16:56:40.514Z] :  ==> app/.DS_Store
[info] [2026-07-28T16:56:40.514Z] :  ==> app/grn/.DS_Store
[info] [2026-07-28T16:56:40.514Z] :  ==> app/pr/.DS_Store
[info] [2026-07-28T16:56:40.514Z] :  ==> app/vendor-comparison/.DS_Store
[info] [2026-07-28T16:56:40.515Z] : Note - File formats that can be packed are: txt, md, xml, dre, jpg, jpeg, png, gif, css, js, html, json, mp3, svg, woff, ttf, eot, webm, mp4, and woff2
[error] [2026-07-29T04:09:10.838Z] : ✖ Below file formats are not allowed in Sigma
[info] [2026-07-29T04:09:10.844Z] :  ==> app/.DS_Store
[info] [2026-07-29T04:09:10.844Z] :  ==> app/grn/.DS_Store
[info] [2026-07-29T04:09:10.844Z] :  ==> app/pr/.DS_Store
[info] [2026-07-29T04:09:10.844Z] :  ==> app/vendor-comparison/.DS_Store
[info] [2026-07-29T04:09:10.845Z] : Note - File formats that can be packed are: txt, md, xml, dre, jpg, jpeg, png, gif, css, js, html, json, mp3, svg, woff, ttf, eot, webm, mp4, and woff2
[error] [2026-07-29T04:09:10.849Z] : ✖ Below file formats are not allowed in Sigma
[info] [2026-07-29T04:09:10.849Z] :  ==> app/.DS_Store
[info] [2026-07-29T04:09:10.849Z] :  ==> app/grn/.DS_Store
[info] [2026-07-29T04:09:10.850Z] :  ==> app/pr/.DS_Store
[info] [2026-07-29T04:09:10.850Z] :  ==> app/vendor-comparison/.DS_Store
[info] [2026-07-29T04:09:10.850Z] : Note - File formats that can be packed are: txt, md, xml, dre, jpg, jpeg, png, gif, css, js, html, json, mp3, svg, woff, ttf, eot, webm, mp4, and woff2
[error] [2026-07-29T04:22:51.953Z] : ✖ Below file formats are not allowed in Sigma
[info] [2026-07-29T04:22:51.959Z] :  ==> app/.DS_Store
[info] [2026-07-29T04:22:51.959Z] :  ==> app/grn/.DS_Store
[info] [2026-07-29T04:22:51.959Z] :  ==> app/pr/.DS_Store
[info] [2026-07-29T04:22:51.959Z] :  ==> app/vendor-comparison/.DS_Store
[info] [2026-07-29T04:22:51.960Z] : Note - File formats that can be packed are: txt, md, xml, dre, jpg, jpeg, png, gif, css, js, html, json, mp3, svg, woff, ttf, eot, webm, mp4, and woff2
[error] [2026-07-29T04:22:51.965Z] : ✖ Below file formats are not allowed in Sigma
[info] [2026-07-29T04:22:51.965Z] :  ==> app/.DS_Store
[info] [2026-07-29T04:22:51.965Z] :  ==> app/grn/.DS_Store
[info] [2026-07-29T04:22:51.965Z] :  ==> app/pr/.DS_Store
[info] [2026-07-29T04:22:51.965Z] :  ==> app/vendor-comparison/.DS_Store
[info] [2026-07-29T04:22:51.965Z] : Note - File formats that can be packed are: txt, md, xml, dre, jpg, jpeg, png, gif, css, js, html, json, mp3, svg, woff, ttf, eot, webm, mp4, and woff2
[error] [2026-07-29T04:26:16.721Z] : ✖ Below file formats are not allowed in Sigma
[info] [2026-07-29T04:26:16.729Z] :  ==> app/.DS_Store
[info] [2026-07-29T04:26:16.729Z] :  ==> app/grn/.DS_Store
[info] [2026-07-29T04:26:16.729Z] :  ==> app/pr/.DS_Store
[info] [2026-07-29T04:26:16.730Z] :  ==> app/vendor-comparison/.DS_Store
[info] [2026-07-29T04:26:16.730Z] : Note - File formats that can be packed are: txt, md, xml, dre, jpg, jpeg, png, gif, css, js, html, json, mp3, svg, woff, ttf, eot, webm, mp4, and woff2
[error] [2026-07-29T04:26:16.734Z] : ✖ Below file formats are not allowed in Sigma
[info] [2026-07-29T04:26:16.734Z] :  ==> app/.DS_Store
[info] [2026-07-29T04:26:16.734Z] :  ==> app/grn/.DS_Store
[info] [2026-07-29T04:26:16.735Z] :  ==> app/pr/.DS_Store
[info] [2026-07-29T04:26:16.735Z] :  ==> app/vendor-comparison/.DS_Store
[info] [2026-07-29T04:26:16.735Z] : Note - File formats that can be packed are: txt, md, xml, dre, jpg, jpeg, png, gif, css, js, html, json, mp3, svg, woff, ttf, eot, webm, mp4, and woff2
[error] [2026-07-29T04:26:33.267Z] : ✖ Below file formats are not allowed in Sigma
[info] [2026-07-29T04:26:33.269Z] :  ==> app/.DS_Store
[info] [2026-07-29T04:26:33.269Z] :  ==> app/grn/.DS_Store
[info] [2026-07-29T04:26:33.270Z] :  ==> app/pr/.DS_Store
[info] [2026-07-29T04:26:33.270Z] :  ==> app/vendor-comparison/.DS_Store
[info] [2026-07-29T04:26:33.270Z] : Note - File formats that can be packed are: txt, md, xml, dre, jpg, jpeg, png, gif, css, js, html, json, mp3, svg, woff, ttf, eot, webm, mp4, and woff2
[error] [2026-07-29T04:26:33.273Z] : ✖ Below file formats are not allowed in Sigma
[info] [2026-07-29T04:26:33.274Z] :  ==> app/.DS_Store
[info] [2026-07-29T04:26:33.274Z] :  ==> app/grn/.DS_Store
[info] [2026-07-29T04:26:33.274Z] :  ==> app/pr/.DS_Store
[info] [2026-07-29T04:26:33.274Z] :  ==> app/vendor-comparison/.DS_Store
[info] [2026-07-29T04:26:33.274Z] : Note - File formats that can be packed are: txt, md, xml, dre, jpg, jpeg, png, gif, css, js, html, json, mp3, svg, woff, ttf, eot, webm, mp4, and woff2
[error] [2026-07-29T04:27:02.255Z] : ✖ Below file formats are not allowed in Sigma
[info] [2026-07-29T04:27:02.257Z] :  ==> app/.DS_Store
[info] [2026-07-29T04:27:02.257Z] :  ==> app/grn/.DS_Store
[info] [2026-07-29T04:27:02.257Z] :  ==> app/pr/.DS_Store
[info] [2026-07-29T04:27:02.257Z] :  ==> app/vendor-comparison/.DS_Store
[info] [2026-07-29T04:27:02.258Z] : Note - File formats that can be packed are: txt, md, xml, dre, jpg, jpeg, png, gif, css, js, html, json, mp3, svg, woff, ttf, eot, webm, mp4, and woff2
[error] [2026-07-29T04:27:02.261Z] : ✖ Below file formats are not allowed in Sigma
[info] [2026-07-29T04:27:02.261Z] :  ==> app/.DS_Store
[info] [2026-07-29T04:27:02.261Z] :  ==> app/grn/.DS_Store
[info] [2026-07-29T04:27:02.261Z] :  ==> app/pr/.DS_Store
[info] [2026-07-29T04:27:02.262Z] :  ==> app/vendor-comparison/.DS_Store
[info] [2026-07-29T04:27:02.262Z] : Note - File formats that can be packed are: txt, md, xml, dre, jpg, jpeg, png, gif, css, js, html, json, mp3, svg, woff, ttf, eot, webm, mp4, and woff2
[error] [2026-07-29T06:42:37.296Z] : ✖ Below file formats are not allowed in Sigma
[info] [2026-07-29T06:42:37.304Z] :  ==> app/.DS_Store
[info] [2026-07-29T06:42:37.304Z] :  ==> app/grn/.DS_Store
[info] [2026-07-29T06:42:37.304Z] :  ==> app/pr/.DS_Store
[info] [2026-07-29T06:42:37.304Z] :  ==> app/vendor-comparison/.DS_Store
[info] [2026-07-29T06:42:37.305Z] : Note - File formats that can be packed are: txt, md, xml, dre, jpg, jpeg, png, gif, css, js, html, json, mp3, svg, woff, ttf, eot, webm, mp4, and woff2
[error] [2026-07-29T06:42:37.309Z] : ✖ Below file formats are not allowed in Sigma
[info] [2026-07-29T06:42:37.309Z] :  ==> app/.DS_Store
[info] [2026-07-29T06:42:37.309Z] :  ==> app/grn/.DS_Store
[info] [2026-07-29T06:42:37.310Z] :  ==> app/pr/.DS_Store
[info] [2026-07-29T06:42:37.310Z] :  ==> app/vendor-comparison/.DS_Store
[info] [2026-07-29T06:42:37.310Z] : Note - File formats that can be packed are: txt, md, xml, dre, jpg, jpeg, png, gif, css, js, html, json, mp3, svg, woff, ttf, eot, webm, mp4, and woff2
[error] [2026-07-29T06:53:02.069Z] : ✖ Below file formats are not allowed in Sigma
[info] [2026-07-29T06:53:02.078Z] :  ==> app/.DS_Store
[info] [2026-07-29T06:53:02.078Z] :  ==> app/grn/.DS_Store
[info] [2026-07-29T06:53:02.079Z] :  ==> app/pr/.DS_Store
[info] [2026-07-29T06:53:02.079Z] :  ==> app/vendor-comparison/.DS_Store
[info] [2026-07-29T06:53:02.079Z] : Note - File formats that can be packed are: txt, md, xml, dre, jpg, jpeg, png, gif, css, js, html, json, mp3, svg, woff, ttf, eot, webm, mp4, and woff2
[error] [2026-07-29T06:53:02.083Z] : ✖ Below file formats are not allowed in Sigma
[info] [2026-07-29T06:53:02.083Z] :  ==> app/.DS_Store
[info] [2026-07-29T06:53:02.083Z] :  ==> app/grn/.DS_Store
[info] [2026-07-29T06:53:02.084Z] :  ==> app/pr/.DS_Store
[info] [2026-07-29T06:53:02.084Z] :  ==> app/vendor-comparison/.DS_Store
[info] [2026-07-29T06:53:02.084Z] : Note - File formats that can be packed are: txt, md, xml, dre, jpg, jpeg, png, gif, css, js, html, json, mp3, svg, woff, ttf, eot, webm, mp4, and woff2
[error] [2026-07-29T07:21:40.075Z] : ✖ Below file formats are not allowed in Sigma
[info] [2026-07-29T07:21:40.083Z] :  ==> app/.DS_Store
[info] [2026-07-29T07:21:40.083Z] :  ==> app/grn/.DS_Store
[info] [2026-07-29T07:21:40.083Z] :  ==> app/pr/.DS_Store
[info] [2026-07-29T07:21:40.083Z] :  ==> app/vendor-comparison/.DS_Store
[info] [2026-07-29T07:21:40.083Z] : Note - File formats that can be packed are: txt, md, xml, dre, jpg, jpeg, png, gif, css, js, html, json, mp3, svg, woff, ttf, eot, webm, mp4, and woff2
[error] [2026-07-29T07:21:40.088Z] : ✖ Below file formats are not allowed in Sigma
[info] [2026-07-29T07:21:40.088Z] :  ==> app/.DS_Store
[info] [2026-07-29T07:21:40.088Z] :  ==> app/grn/.DS_Store
[info] [2026-07-29T07:21:40.088Z] :  ==> app/pr/.DS_Store
[info] [2026-07-29T07:21:40.088Z] :  ==> app/vendor-comparison/.DS_Store
[info] [2026-07-29T07:21:40.088Z] : Note - File formats that can be packed are: txt, md, xml, dre, jpg, jpeg, png, gif, css, js, html, json, mp3, svg, woff, ttf, eot, webm, mp4, and woff2
[error] [2026-07-30T04:15:24.813Z] : ✖ Below file formats are not allowed in Sigma
[info] [2026-07-30T04:15:24.821Z] :  ==> app/.DS_Store
[info] [2026-07-30T04:15:24.821Z] :  ==> app/grn/.DS_Store
[info] [2026-07-30T04:15:24.822Z] :  ==> app/pr/.DS_Store
[info] [2026-07-30T04:15:24.822Z] :  ==> app/vendor-comparison/.DS_Store
[info] [2026-07-30T04:15:24.822Z] : Note - File formats that can be packed are: txt, md, xml, dre, jpg, jpeg, png, gif, css, js, html, json, mp3, svg, woff, ttf, eot, webm, mp4, and woff2
[error] [2026-07-30T04:15:24.826Z] : ✖ Below file formats are not allowed in Sigma
[info] [2026-07-30T04:15:24.826Z] :  ==> app/.DS_Store
[info] [2026-07-30T04:15:24.826Z] :  ==> app/grn/.DS_Store
[info] [2026-07-30T04:15:24.826Z] :  ==> app/pr/.DS_Store
[info] [2026-07-30T04:15:24.827Z] :  ==> app/vendor-comparison/.DS_Store
[info] [2026-07-30T04:15:24.827Z] : Note - File formats that can be packed are: txt, md, xml, dre, jpg, jpeg, png, gif, css, js, html, json, mp3, svg, woff, ttf, eot, webm, mp4, and woff2
[error] [2026-07-30T05:59:36.012Z] : ✖ Below file formats are not allowed in Sigma
[info] [2026-07-30T05:59:36.014Z] :  ==> app/.DS_Store
[info] [2026-07-30T05:59:36.014Z] :  ==> app/grn/.DS_Store
[info] [2026-07-30T05:59:36.014Z] :  ==> app/pr/.DS_Store
[info] [2026-07-30T05:59:36.014Z] :  ==> app/vendor-comparison/.DS_Store
[info] [2026-07-30T05:59:36.014Z] : Note - File formats that can be packed are: txt, md, xml, dre, jpg, jpeg, png, gif, css, js, html, json, mp3, svg, woff, ttf, eot, webm, mp4, and woff2
[error] [2026-07-30T05:59:36.018Z] : ✖ Below file formats are not allowed in Sigma
[info] [2026-07-30T05:59:36.018Z] :  ==> app/.DS_Store
[info] [2026-07-30T05:59:36.018Z] :  ==> app/grn/.DS_Store
[info] [2026-07-30T05:59:36.018Z] :  ==> app/pr/.DS_Store
[info] [2026-07-30T05:59:36.018Z] :  ==> app/vendor-comparison/.DS_Store
[info] [2026-07-30T05:59:36.018Z] : Note - File formats that can be packed are: txt, md, xml, dre, jpg, jpeg, png, gif, css, js, html, json, mp3, svg, woff, ttf, eot, webm, mp4, and woff2
[error] [2026-07-30T06:02:41.954Z] : ✖ Below file formats are not allowed in Sigma
[info] [2026-07-30T06:02:41.962Z] :  ==> app/.DS_Store
[info] [2026-07-30T06:02:41.962Z] :  ==> app/grn/.DS_Store
[info] [2026-07-30T06:02:41.962Z] :  ==> app/pr/.DS_Store
[info] [2026-07-30T06:02:41.962Z] :  ==> app/vendor-comparison/.DS_Store
[info] [2026-07-30T06:02:41.962Z] : Note - File formats that can be packed are: txt, md, xml, dre, jpg, jpeg, png, gif, css, js, html, json, mp3, svg, woff, ttf, eot, webm, mp4, and woff2
[error] [2026-07-30T06:02:41.966Z] : ✖ Below file formats are not allowed in Sigma
[info] [2026-07-30T06:02:41.966Z] :  ==> app/.DS_Store
[info] [2026-07-30T06:02:41.967Z] :  ==> app/grn/.DS_Store
[info] [2026-07-30T06:02:41.967Z] :  ==> app/pr/.DS_Store
[info] [2026-07-30T06:02:41.967Z] :  ==> app/vendor-comparison/.DS_Store
[info] [2026-07-30T06:02:41.967Z] : Note - File formats that can be packed are: txt, md, xml, dre, jpg, jpeg, png, gif, css, js, html, json, mp3, svg, woff, ttf, eot, webm, mp4, and woff2
[error] [2026-07-30T09:57:22.930Z] : ✖ Below file formats are not allowed in Sigma
[info] [2026-07-30T09:57:22.939Z] :  ==> app/.DS_Store
[info] [2026-07-30T09:57:22.939Z] :  ==> app/grn/.DS_Store
[info] [2026-07-30T09:57:22.939Z] :  ==> app/pr/.DS_Store
[info] [2026-07-30T09:57:22.939Z] :  ==> app/vendor-comparison/.DS_Store
[info] [2026-07-30T09:57:22.940Z] : Note - File formats that can be packed are: txt, md, xml, dre, jpg, jpeg, png, gif, css, js, html, json, mp3, svg, woff, ttf, eot, webm, mp4, and woff2
[error] [2026-07-30T09:57:22.945Z] : ✖ Below file formats are not allowed in Sigma
[info] [2026-07-30T09:57:22.945Z] :  ==> app/.DS_Store
[info] [2026-07-30T09:57:22.946Z] :  ==> app/grn/.DS_Store
[info] [2026-07-30T09:57:22.946Z] :  ==> app/pr/.DS_Store
[info] [2026-07-30T09:57:22.946Z] :  ==> app/vendor-comparison/.DS_Store
[info] [2026-07-30T09:57:22.946Z] : Note - File formats that can be packed are: txt, md, xml, dre, jpg, jpeg, png, gif, css, js, html, json, mp3, svg, woff, ttf, eot, webm, mp4, and woff2
[error] [2026-07-30T10:14:04.916Z] : ✖ Below file formats are not allowed in Sigma
[info] [2026-07-30T10:14:04.924Z] :  ==> app/.DS_Store
[info] [2026-07-30T10:14:04.924Z] :  ==> app/grn/.DS_Store
[info] [2026-07-30T10:14:04.924Z] :  ==> app/pr/.DS_Store
[info] [2026-07-30T10:14:04.924Z] :  ==> app/vendor-comparison/.DS_Store
[info] [2026-07-30T10:14:04.924Z] : Note - File formats that can be packed are: txt, md, xml, dre, jpg, jpeg, png, gif, css, js, html, json, mp3, svg, woff, ttf, eot, webm, mp4, and woff2
[error] [2026-07-30T10:14:04.928Z] : ✖ Below file formats are not allowed in Sigma
[info] [2026-07-30T10:14:04.928Z] :  ==> app/.DS_Store
[info] [2026-07-30T10:14:04.929Z] :  ==> app/grn/.DS_Store
[info] [2026-07-30T10:14:04.929Z] :  ==> app/pr/.DS_Store
[info] [2026-07-30T10:14:04.929Z] :  ==> app/vendor-comparison/.DS_Store
[info] [2026-07-30T10:14:04.929Z] : Note - File formats that can be packed are: txt, md, xml, dre, jpg, jpeg, png, gif, css, js, html, json, mp3, svg, woff, ttf, eot, webm, mp4, and woff2
[error] [2026-07-30T10:15:11.784Z] : ✖ Below file formats are not allowed in Sigma
[info] [2026-07-30T10:15:11.791Z] :  ==> app/.DS_Store
[info] [2026-07-30T10:15:11.792Z] :  ==> app/grn/.DS_Store
[info] [2026-07-30T10:15:11.792Z] :  ==> app/pr/.DS_Store
[info] [2026-07-30T10:15:11.792Z] :  ==> app/vendor-comparison/.DS_Store
[info] [2026-07-30T10:15:11.792Z] : Note - File formats that can be packed are: txt, md, xml, dre, jpg, jpeg, png, gif, css, js, html, json, mp3, svg, woff, ttf, eot, webm, mp4, and woff2
[error] [2026-07-30T10:15:11.796Z] : ✖ Below file formats are not allowed in Sigma
[info] [2026-07-30T10:15:11.797Z] :  ==> app/.DS_Store
[info] [2026-07-30T10:15:11.797Z] :  ==> app/grn/.DS_Store
[info] [2026-07-30T10:15:11.797Z] :  ==> app/pr/.DS_Store
[info] [2026-07-30T10:15:11.797Z] :  ==> app/vendor-comparison/.DS_Store
[info] [2026-07-30T10:15:11.797Z] : Note - File formats that can be packed are: txt, md, xml, dre, jpg, jpeg, png, gif, css, js, html, json, mp3, svg, woff, ttf, eot, webm, mp4, and woff2
[error] [2026-07-30T10:15:21.852Z] : ✖ Below file formats are not allowed in Sigma
[info] [2026-07-30T10:15:21.854Z] :  ==> app/.DS_Store
[info] [2026-07-30T10:15:21.854Z] :  ==> app/grn/.DS_Store
[info] [2026-07-30T10:15:21.854Z] :  ==> app/pr/.DS_Store
[info] [2026-07-30T10:15:21.854Z] :  ==> app/vendor-comparison/.DS_Store
[info] [2026-07-30T10:15:21.855Z] : Note - File formats that can be packed are: txt, md, xml, dre, jpg, jpeg, png, gif, css, js, html, json, mp3, svg, woff, ttf, eot, webm, mp4, and woff2
[error] [2026-07-30T10:15:21.858Z] : ✖ Below file formats are not allowed in Sigma
[info] [2026-07-30T10:15:21.858Z] :  ==> app/.DS_Store
[info] [2026-07-30T10:15:21.858Z] :  ==> app/grn/.DS_Store
[info] [2026-07-30T10:15:21.858Z] :  ==> app/pr/.DS_Store
[info] [2026-07-30T10:15:21.858Z] :  ==> app/vendor-comparison/.DS_Store
[info] [2026-07-30T10:15:21.859Z] : Note - File formats that can be packed are: txt, md, xml, dre, jpg, jpeg, png, gif, css, js, html, json, mp3, svg, woff, ttf, eot, webm, mp4, and woff2
[error] [2026-07-30T10:15:48.259Z] : ✖ Below file formats are not allowed in Sigma
[info] [2026-07-30T10:15:48.262Z] :  ==> app/.DS_Store
[info] [2026-07-30T10:15:48.262Z] :  ==> app/grn/.DS_Store
[info] [2026-07-30T10:15:48.262Z] :  ==> app/pr/.DS_Store
[info] [2026-07-30T10:15:48.262Z] :  ==> app/vendor-comparison/.DS_Store
[info] [2026-07-30T10:15:48.263Z] : Note - File formats that can be packed are: txt, md, xml, dre, jpg, jpeg, png, gif, css, js, html, json, mp3, svg, woff, ttf, eot, webm, mp4, and woff2
[error] [2026-07-30T10:15:48.266Z] : ✖ Below file formats are not allowed in Sigma
[info] [2026-07-30T10:15:48.266Z] :  ==> app/.DS_Store
[info] [2026-07-30T10:15:48.266Z] :  ==> app/grn/.DS_Store
[info] [2026-07-30T10:15:48.266Z] :  ==> app/pr/.DS_Store
[info] [2026-07-30T10:15:48.266Z] :  ==> app/vendor-comparison/.DS_Store
[info] [2026-07-30T10:15:48.267Z] : Note - File formats that can be packed are: txt, md, xml, dre, jpg, jpeg, png, gif, css, js, html, json, mp3, svg, woff, ttf, eot, webm, mp4, and woff2
[error] [2026-07-30T10:42:59.128Z] : ✖ Below file formats are not allowed in Sigma
[info] [2026-07-30T10:42:59.148Z] :  ==> app/.DS_Store
[info] [2026-07-30T10:42:59.148Z] :  ==> app/grn/.DS_Store
[info] [2026-07-30T10:42:59.148Z] :  ==> app/pr/.DS_Store
[info] [2026-07-30T10:42:59.148Z] :  ==> app/vendor-comparison/.DS_Store
[info] [2026-07-30T10:42:59.149Z] : Note - File formats that can be packed are: txt, md, xml, dre, jpg, jpeg, png, gif, css, js, html, json, mp3, svg, woff, ttf, eot, webm, mp4, and woff2
[error] [2026-07-30T10:42:59.157Z] : ✖ Below file formats are not allowed in Sigma
[info] [2026-07-30T10:42:59.157Z] :  ==> app/.DS_Store
[info] [2026-07-30T10:42:59.157Z] :  ==> app/grn/.DS_Store
[info] [2026-07-30T10:42:59.158Z] :  ==> app/pr/.DS_Store
[info] [2026-07-30T10:42:59.158Z] :  ==> app/vendor-comparison/.DS_Store
[info] [2026-07-30T10:42:59.158Z] : Note - File formats that can be packed are: txt, md, xml, dre, jpg, jpeg, png, gif, css, js, html, json, mp3, svg, woff, ttf, eot, webm, mp4, and woff2
[error] [2026-07-30T10:46:48.040Z] : ✖ Below file formats are not allowed in Sigma
[info] [2026-07-30T10:46:48.048Z] :  ==> app/.DS_Store
[info] [2026-07-30T10:46:48.048Z] :  ==> app/grn/.DS_Store
[info] [2026-07-30T10:46:48.049Z] :  ==> app/pr/.DS_Store
[info] [2026-07-30T10:46:48.049Z] :  ==> app/vendor-comparison/.DS_Store
[info] [2026-07-30T10:46:48.049Z] : Note - File formats that can be packed are: txt, md, xml, dre, jpg, jpeg, png, gif, css, js, html, json, mp3, svg, woff, ttf, eot, webm, mp4, and woff2
[error] [2026-07-30T10:46:48.054Z] : ✖ Below file formats are not allowed in Sigma
[info] [2026-07-30T10:46:48.054Z] :  ==> app/.DS_Store
[info] [2026-07-30T10:46:48.054Z] :  ==> app/grn/.DS_Store
[info] [2026-07-30T10:46:48.055Z] :  ==> app/pr/.DS_Store
[info] [2026-07-30T10:46:48.055Z] :  ==> app/vendor-comparison/.DS_Store
[info] [2026-07-30T10:46:48.055Z] : Note - File formats that can be packed are: txt, md, xml, dre, jpg, jpeg, png, gif, css, js, html, json, mp3, svg, woff, ttf, eot, webm, mp4, and woff2
[error] [2026-07-30T10:50:02.133Z] : ✖ Below file formats are not allowed in Sigma
[info] [2026-07-30T10:50:02.140Z] :  ==> app/.DS_Store
[info] [2026-07-30T10:50:02.140Z] :  ==> app/grn/.DS_Store
[info] [2026-07-30T10:50:02.140Z] :  ==> app/pr/.DS_Store
[info] [2026-07-30T10:50:02.140Z] :  ==> app/vendor-comparison/.DS_Store
[info] [2026-07-30T10:50:02.140Z] : Note - File formats that can be packed are: txt, md, xml, dre, jpg, jpeg, png, gif, css, js, html, json, mp3, svg, woff, ttf, eot, webm, mp4, and woff2
[error] [2026-07-30T10:50:02.144Z] : ✖ Below file formats are not allowed in Sigma
[info] [2026-07-30T10:50:02.144Z] :  ==> app/.DS_Store
[info] [2026-07-30T10:50:02.144Z] :  ==> app/grn/.DS_Store
[info] [2026-07-30T10:50:02.145Z] :  ==> app/pr/.DS_Store
[info] [2026-07-30T10:50:02.145Z] :  ==> app/vendor-comparison/.DS_Store
[info] [2026-07-30T10:50:02.145Z] : Note - File formats that can be packed are: txt, md, xml, dre, jpg, jpeg, png, gif, css, js, html, json, mp3, svg, woff, ttf, eot, webm, mp4, and woff2
[error] [2026-07-31T09:22:35.079Z] : ✖ Below file formats are not allowed in Sigma
[info] [2026-07-31T09:22:35.085Z] :  ==> app/.DS_Store
[info] [2026-07-31T09:22:35.085Z] :  ==> app/grn/.DS_Store
[info] [2026-07-31T09:22:35.085Z] :  ==> app/pr/.DS_Store
[info] [2026-07-31T09:22:35.085Z] :  ==> app/vendor-comparison/.DS_Store
[info] [2026-07-31T09:22:35.085Z] : Note - File formats that can be packed are: txt, md, xml, dre, jpg, jpeg, png, gif, css, js, html, json, mp3, svg, woff, ttf, eot, webm, mp4, and woff2
[error] [2026-07-31T09:22:35.089Z] : ✖ Below file formats are not allowed in Sigma
[info] [2026-07-31T09:22:35.089Z] :  ==> app/.DS_Store
[info] [2026-07-31T09:22:35.090Z] :  ==> app/grn/.DS_Store
[info] [2026-07-31T09:22:35.090Z] :  ==> app/pr/.DS_Store
[info] [2026-07-31T09:22:35.091Z] :  ==> app/vendor-comparison/.DS_Store
[info] [2026-07-31T09:22:35.091Z] : Note - File formats that can be packed are: txt, md, xml, dre, jpg, jpeg, png, gif, css, js, html, json, mp3, svg, woff, ttf, eot, webm, mp4, and woff2
[error] [2026-07-31T11:08:05.120Z] : ✖ Below file formats are not allowed in Sigma
[info] [2026-07-31T11:08:05.126Z] :  ==> app/.DS_Store
[info] [2026-07-31T11:08:05.126Z] :  ==> app/grn/.DS_Store
[info] [2026-07-31T11:08:05.126Z] :  ==> app/pr/.DS_Store
[info] [2026-07-31T11:08:05.126Z] :  ==> app/vendor-comparison/.DS_Store
[info] [2026-07-31T11:08:05.127Z] : Note - File formats that can be packed are: txt, md, xml, dre, jpg, jpeg, png, gif, css, js, html, json, mp3, svg, woff, ttf, eot, webm, mp4, and woff2
[error] [2026-07-31T11:08:05.131Z] : ✖ Below file formats are not allowed in Sigma
[info] [2026-07-31T11:08:05.131Z] :  ==> app/.DS_Store
[info] [2026-07-31T11:08:05.131Z] :  ==> app/grn/.DS_Store
[info] [2026-07-31T11:08:05.132Z] :  ==> app/pr/.DS_Store
[info] [2026-07-31T11:08:05.132Z] :  ==> app/vendor-comparison/.DS_Store
[info] [2026-07-31T11:08:05.132Z] : Note - File formats that can be packed are: txt, md, xml, dre, jpg, jpeg, png, gif, css, js, html, json, mp3, svg, woff, ttf, eot, webm, mp4, and woff2
[error] [2026-07-31T11:34:29.749Z] : ✖ Below file formats are not allowed in Sigma
[info] [2026-07-31T11:34:29.755Z] :  ==> app/.DS_Store
[info] [2026-07-31T11:34:29.755Z] :  ==> app/grn/.DS_Store
[info] [2026-07-31T11:34:29.755Z] :  ==> app/pr/.DS_Store
[info] [2026-07-31T11:34:29.755Z] :  ==> app/vendor-comparison/.DS_Store
[info] [2026-07-31T11:34:29.756Z] : Note - File formats that can be packed are: txt, md, xml, dre, jpg, jpeg, png, gif, css, js, html, json, mp3, svg, woff, ttf, eot, webm, mp4, and woff2
[error] [2026-07-31T11:34:29.759Z] : ✖ Below file formats are not allowed in Sigma
[info] [2026-07-31T11:34:29.759Z] :  ==> app/.DS_Store
[info] [2026-07-31T11:34:29.760Z] :  ==> app/grn/.DS_Store
[info] [2026-07-31T11:34:29.760Z] :  ==> app/pr/.DS_Store
[info] [2026-07-31T11:34:29.760Z] :  ==> app/vendor-comparison/.DS_Store
[info] [2026-07-31T11:34:29.760Z] : Note - File formats that can be packed are: txt, md, xml, dre, jpg, jpeg, png, gif, css, js, html, json, mp3, svg, woff, ttf, eot, webm, mp4, and woff2
[error] [2026-07-31T15:31:07.315Z] : ✖ Below file formats are not allowed in Sigma
[info] [2026-07-31T15:31:07.323Z] :  ==> app/.DS_Store
[info] [2026-07-31T15:31:07.324Z] :  ==> app/grn/.DS_Store
[info] [2026-07-31T15:31:07.324Z] :  ==> app/pr/.DS_Store
[info] [2026-07-31T15:31:07.324Z] :  ==> app/vendor-comparison/.DS_Store
[info] [2026-07-31T15:31:07.324Z] : Note - File formats that can be packed are: txt, md, xml, dre, jpg, jpeg, png, gif, css, js, html, json, mp3, svg, woff, ttf, eot, webm, mp4, and woff2
[error] [2026-07-31T15:31:07.331Z] : ✖ Below file formats are not allowed in Sigma
[info] [2026-07-31T15:31:07.331Z] :  ==> app/.DS_Store
[info] [2026-07-31T15:31:07.331Z] :  ==> app/grn/.DS_Store
[info] [2026-07-31T15:31:07.332Z] :  ==> app/pr/.DS_Store
[info] [2026-07-31T15:31:07.332Z] :  ==> app/vendor-comparison/.DS_Store
[info] [2026-07-31T15:31:07.332Z] : Note - File formats that can be packed are: txt, md, xml, dre, jpg, jpeg, png, gif, css, js, html, json, mp3, svg, woff, ttf, eot, webm, mp4, and woff2
[error] [2026-08-01T06:48:16.789Z] : ✖ Below file formats are not allowed in Sigma
[info] [2026-08-01T06:48:16.796Z] :  ==> app/.DS_Store
[info] [2026-08-01T06:48:16.797Z] :  ==> app/grn/.DS_Store
[info] [2026-08-01T06:48:16.797Z] :  ==> app/pr/.DS_Store
[info] [2026-08-01T06:48:16.797Z] :  ==> app/vendor-comparison/.DS_Store
[info] [2026-08-01T06:48:16.797Z] : Note - File formats that can be packed are: txt, md, xml, dre, jpg, jpeg, png, gif, css, js, html, json, mp3, svg, woff, ttf, eot, webm, mp4, and woff2
[error] [2026-08-01T06:48:16.801Z] : ✖ Below file formats are not allowed in Sigma
[info] [2026-08-01T06:48:16.801Z] :  ==> app/.DS_Store
[info] [2026-08-01T06:48:16.802Z] :  ==> app/grn/.DS_Store
[info] [2026-08-01T06:48:16.802Z] :  ==> app/pr/.DS_Store
[info] [2026-08-01T06:48:16.802Z] :  ==> app/vendor-comparison/.DS_Store
[info] [2026-08-01T06:48:16.802Z] : Note - File formats that can be packed are: txt, md, xml, dre, jpg, jpeg, png, gif, css, js, html, json, mp3, svg, woff, ttf, eot, webm, mp4, and woff2
[error] [2026-08-01T06:50:57.915Z] : ✖ Below file formats are not allowed in Sigma
[info] [2026-08-01T06:50:57.923Z] :  ==> app/.DS_Store
[info] [2026-08-01T06:50:57.923Z] :  ==> app/grn/.DS_Store
[info] [2026-08-01T06:50:57.923Z] :  ==> app/pr/.DS_Store
[info] [2026-08-01T06:50:57.923Z] :  ==> app/vendor-comparison/.DS_Store
[info] [2026-08-01T06:50:57.923Z] : Note - File formats that can be packed are: txt, md, xml, dre, jpg, jpeg, png, gif, css, js, html, json, mp3, svg, woff, ttf, eot, webm, mp4, and woff2
[error] [2026-08-01T06:50:57.929Z] : ✖ Below file formats are not allowed in Sigma
[info] [2026-08-01T06:50:57.930Z] :  ==> app/.DS_Store
[info] [2026-08-01T06:50:57.930Z] :  ==> app/grn/.DS_Store
[info] [2026-08-01T06:50:57.930Z] :  ==> app/pr/.DS_Store
[info] [2026-08-01T06:50:57.931Z] :  ==> app/vendor-comparison/.DS_Store
[info] [2026-08-01T06:50:57.931Z] : Note - File formats that can be packed are: txt, md, xml, dre, jpg, jpeg, png, gif, css, js, html, json, mp3, svg, woff, ttf, eot, webm, mp4, and woff2
[error] [2026-08-01T07:00:38.863Z] : ✖ Below file formats are not allowed in Sigma
[info] [2026-08-01T07:00:38.871Z] :  ==> app/.DS_Store
[info] [2026-08-01T07:00:38.871Z] :  ==> app/grn/.DS_Store
[info] [2026-08-01T07:00:38.871Z] :  ==> app/pr/.DS_Store
[info] [2026-08-01T07:00:38.871Z] :  ==> app/vendor-comparison/.DS_Store
[info] [2026-08-01T07:00:38.871Z] : Note - File formats that can be packed are: txt, md, xml, dre, jpg, jpeg, png, gif, css, js, html, json, mp3, svg, woff, ttf, eot, webm, mp4, and woff2
[error] [2026-08-01T07:00:38.876Z] : ✖ Below file formats are not allowed in Sigma
[info] [2026-08-01T07:00:38.876Z] :  ==> app/.DS_Store
[info] [2026-08-01T07:00:38.877Z] :  ==> app/grn/.DS_Store
[info] [2026-08-01T07:00:38.877Z] :  ==> app/pr/.DS_Store
[info] [2026-08-01T07:00:38.877Z] :  ==> app/vendor-comparison/.DS_Store
[info] [2026-08-01T07:00:38.877Z] : Note - File formats that can be packed are: txt, md, xml, dre, jpg, jpeg, png, gif, css, js, html, json, mp3, svg, woff, ttf, eot, webm, mp4, and woff2
[error] [2026-08-01T07:17:33.560Z] : ✖ Below file formats are not allowed in Sigma
[info] [2026-08-01T07:17:33.567Z] :  ==> app/.DS_Store
[info] [2026-08-01T07:17:33.567Z] :  ==> app/grn/.DS_Store
[info] [2026-08-01T07:17:33.568Z] :  ==> app/pr/.DS_Store
[info] [2026-08-01T07:17:33.568Z] :  ==> app/vendor-comparison/.DS_Store
[info] [2026-08-01T07:17:33.568Z] : Note - File formats that can be packed are: txt, md, xml, dre, jpg, jpeg, png, gif, css, js, html, json, mp3, svg, woff, ttf, eot, webm, mp4, and woff2
[error] [2026-08-01T07:17:33.572Z] : ✖ Below file formats are not allowed in Sigma
[info] [2026-08-01T07:17:33.573Z] :  ==> app/.DS_Store
[info] [2026-08-01T07:17:33.573Z] :  ==> app/grn/.DS_Store
[info] [2026-08-01T07:17:33.574Z] :  ==> app/pr/.DS_Store
[info] [2026-08-01T07:17:33.576Z] :  ==> app/vendor-comparison/.DS_Store
[info] [2026-08-01T07:17:33.576Z] : Note - File formats that can be packed are: txt, md, xml, dre, jpg, jpeg, png, gif, css, js, html, json, mp3, svg, woff, ttf, eot, webm, mp4, and woff2
[error] [2026-08-01T07:18:59.394Z] : ✖ Below file formats are not allowed in Sigma
[info] [2026-08-01T07:18:59.405Z] :  ==> app/.DS_Store
[info] [2026-08-01T07:18:59.405Z] :  ==> app/grn/.DS_Store
[info] [2026-08-01T07:18:59.405Z] :  ==> app/pr/.DS_Store
[info] [2026-08-01T07:18:59.406Z] :  ==> app/vendor-comparison/.DS_Store
[info] [2026-08-01T07:18:59.407Z] : Note - File formats that can be packed are: txt, md, xml, dre, jpg, jpeg, png, gif, css, js, html, json, mp3, svg, woff, ttf, eot, webm, mp4, and woff2
[error] [2026-08-01T07:18:59.413Z] : ✖ Below file formats are not allowed in Sigma
[info] [2026-08-01T07:18:59.414Z] :  ==> app/.DS_Store
[info] [2026-08-01T07:18:59.414Z] :  ==> app/grn/.DS_Store
[info] [2026-08-01T07:18:59.414Z] :  ==> app/pr/.DS_Store
[info] [2026-08-01T07:18:59.414Z] :  ==> app/vendor-comparison/.DS_Store
[info] [2026-08-01T07:18:59.414Z] : Note - File formats that can be packed are: txt, md, xml, dre, jpg, jpeg, png, gif, css, js, html, json, mp3, svg, woff, ttf, eot, webm, mp4, and woff2
[error] [2026-08-01T07:24:03.668Z] : ✖ Below file formats are not allowed in Sigma
[info] [2026-08-01T07:24:03.682Z] :  ==> app/.DS_Store
[info] [2026-08-01T07:24:03.682Z] :  ==> app/grn/.DS_Store
[info] [2026-08-01T07:24:03.682Z] :  ==> app/pr/.DS_Store
[info] [2026-08-01T07:24:03.682Z] :  ==> app/vendor-comparison/.DS_Store
[info] [2026-08-01T07:24:03.682Z] : Note - File formats that can be packed are: txt, md, xml, dre, jpg, jpeg, png, gif, css, js, html, json, mp3, svg, woff, ttf, eot, webm, mp4, and woff2
[error] [2026-08-01T07:24:03.689Z] : ✖ Below file formats are not allowed in Sigma
[info] [2026-08-01T07:24:03.689Z] :  ==> app/.DS_Store
[info] [2026-08-01T07:24:03.689Z] :  ==> app/grn/.DS_Store
[info] [2026-08-01T07:24:03.689Z] :  ==> app/pr/.DS_Store
[info] [2026-08-01T07:24:03.689Z] :  ==> app/vendor-comparison/.DS_Store
[info] [2026-08-01T07:24:03.690Z] : Note - File formats that can be packed are: txt, md, xml, dre, jpg, jpeg, png, gif, css, js, html, json, mp3, svg, woff, ttf, eot, webm, mp4, and woff2
[error] [2026-08-01T07:39:48.108Z] : ✖ Below file formats are not allowed in Sigma
[info] [2026-08-01T07:39:48.142Z] :  ==> app/.DS_Store
[info] [2026-08-01T07:39:48.143Z] :  ==> app/grn/.DS_Store
[info] [2026-08-01T07:39:48.143Z] :  ==> app/pr/.DS_Store
[info] [2026-08-01T07:39:48.144Z] :  ==> app/vendor-comparison/.DS_Store
[info] [2026-08-01T07:39:48.144Z] : Note - File formats that can be packed are: txt, md, xml, dre, jpg, jpeg, png, gif, css, js, html, json, mp3, svg, woff, ttf, eot, webm, mp4, and woff2
[error] [2026-08-01T07:39:48.160Z] : ✖ Below file formats are not allowed in Sigma
[info] [2026-08-01T07:39:48.162Z] :  ==> app/.DS_Store
[info] [2026-08-01T07:39:48.164Z] :  ==> app/grn/.DS_Store
[info] [2026-08-01T07:39:48.172Z] :  ==> app/pr/.DS_Store
[info] [2026-08-01T07:39:48.178Z] :  ==> app/vendor-comparison/.DS_Store
[info] [2026-08-01T07:39:48.179Z] : Note - File formats that can be packed are: txt, md, xml, dre, jpg, jpeg, png, gif, css, js, html, json, mp3, svg, woff, ttf, eot, webm, mp4, and woff2
[error] [2026-08-01T07:43:47.687Z] : ✖ Below file formats are not allowed in Sigma
[info] [2026-08-01T07:43:47.696Z] :  ==> app/.DS_Store
[info] [2026-08-01T07:43:47.697Z] :  ==> app/grn/.DS_Store
[info] [2026-08-01T07:43:47.697Z] :  ==> app/pr/.DS_Store
[info] [2026-08-01T07:43:47.697Z] :  ==> app/vendor-comparison/.DS_Store
[info] [2026-08-01T07:43:47.698Z] : Note - File formats that can be packed are: txt, md, xml, dre, jpg, jpeg, png, gif, css, js, html, json, mp3, svg, woff, ttf, eot, webm, mp4, and woff2
[error] [2026-08-01T07:43:47.704Z] : ✖ Below file formats are not allowed in Sigma
[info] [2026-08-01T07:43:47.704Z] :  ==> app/.DS_Store
[info] [2026-08-01T07:43:47.704Z] :  ==> app/grn/.DS_Store
[info] [2026-08-01T07:43:47.705Z] :  ==> app/pr/.DS_Store
[info] [2026-08-01T07:43:47.705Z] :  ==> app/vendor-comparison/.DS_Store
[info] [2026-08-01T07:43:47.705Z] : Note - File formats that can be packed are: txt, md, xml, dre, jpg, jpeg, png, gif, css, js, html, json, mp3, svg, woff, ttf, eot, webm, mp4, and woff2
[error] [2026-08-01T07:44:02.889Z] : ✖ Below file formats are not allowed in Sigma
[info] [2026-08-01T07:44:02.899Z] :  ==> app/.DS_Store
[info] [2026-08-01T07:44:02.899Z] :  ==> app/grn/.DS_Store
[info] [2026-08-01T07:44:02.899Z] :  ==> app/pr/.DS_Store
[info] [2026-08-01T07:44:02.900Z] :  ==> app/vendor-comparison/.DS_Store
[info] [2026-08-01T07:44:02.900Z] : Note - File formats that can be packed are: txt, md, xml, dre, jpg, jpeg, png, gif, css, js, html, json, mp3, svg, woff, ttf, eot, webm, mp4, and woff2
[error] [2026-08-01T07:44:02.906Z] : ✖ Below file formats are not allowed in Sigma
[info] [2026-08-01T07:44:02.906Z] :  ==> app/.DS_Store
[info] [2026-08-01T07:44:02.906Z] :  ==> app/grn/.DS_Store
[info] [2026-08-01T07:44:02.907Z] :  ==> app/pr/.DS_Store
[info] [2026-08-01T07:44:02.907Z] :  ==> app/vendor-comparison/.DS_Store
[info] [2026-08-01T07:44:02.907Z] : Note - File formats that can be packed are: txt, md, xml, dre, jpg, jpeg, png, gif, css, js, html, json, mp3, svg, woff, ttf, eot, webm, mp4, and woff2
[error] [2026-08-01T10:37:08.531Z] : ✖ Below file formats are not allowed in Sigma
[info] [2026-08-01T10:37:08.540Z] :  ==> app/.DS_Store
[info] [2026-08-01T10:37:08.541Z] :  ==> app/grn/.DS_Store
[info] [2026-08-01T10:37:08.541Z] :  ==> app/pr/.DS_Store
[info] [2026-08-01T10:37:08.541Z] :  ==> app/vendor-comparison/.DS_Store
[info] [2026-08-01T10:37:08.542Z] : Note - File formats that can be packed are: txt, md, xml, dre, jpg, jpeg, png, gif, css, js, html, json, mp3, svg, woff, ttf, eot, webm, mp4, and woff2
[error] [2026-08-01T10:37:08.548Z] : ✖ Below file formats are not allowed in Sigma
[info] [2026-08-01T10:37:08.548Z] :  ==> app/.DS_Store
[info] [2026-08-01T10:37:08.548Z] :  ==> app/grn/.DS_Store
[info] [2026-08-01T10:37:08.549Z] :  ==> app/pr/.DS_Store
[info] [2026-08-01T10:37:08.549Z] :  ==> app/vendor-comparison/.DS_Store
[info] [2026-08-01T10:37:08.549Z] : Note - File formats that can be packed are: txt, md, xml, dre, jpg, jpeg, png, gif, css, js, html, json, mp3, svg, woff, ttf, eot, webm, mp4, and woff2
[error] [2026-08-01T10:48:11.055Z] : ✖ Below file formats are not allowed in Sigma
[info] [2026-08-01T10:48:11.066Z] :  ==> app/.DS_Store
[info] [2026-08-01T10:48:11.067Z] :  ==> app/grn/.DS_Store
[info] [2026-08-01T10:48:11.067Z] :  ==> app/pr/.DS_Store
[info] [2026-08-01T10:48:11.067Z] :  ==> app/vendor-comparison/.DS_Store
[info] [2026-08-01T10:48:11.068Z] : Note - File formats that can be packed are: txt, md, xml, dre, jpg, jpeg, png, gif, css, js, html, json, mp3, svg, woff, ttf, eot, webm, mp4, and woff2
[error] [2026-08-01T10:48:11.073Z] : ✖ Below file formats are not allowed in Sigma
[info] [2026-08-01T10:48:11.074Z] :  ==> app/.DS_Store
[info] [2026-08-01T10:48:11.074Z] :  ==> app/grn/.DS_Store
[info] [2026-08-01T10:48:11.074Z] :  ==> app/pr/.DS_Store
[info] [2026-08-01T10:48:11.075Z] :  ==> app/vendor-comparison/.DS_Store
[info] [2026-08-01T10:48:11.075Z] : Note - File formats that can be packed are: txt, md, xml, dre, jpg, jpeg, png, gif, css, js, html, json, mp3, svg, woff, ttf, eot, webm, mp4, and woff2
[error] [2026-08-01T10:58:54.853Z] : ✖ Below file formats are not allowed in Sigma
[info] [2026-08-01T10:58:54.861Z] :  ==> app/.DS_Store
[info] [2026-08-01T10:58:54.862Z] :  ==> app/grn/.DS_Store
[info] [2026-08-01T10:58:54.862Z] :  ==> app/pr/.DS_Store
[info] [2026-08-01T10:58:54.862Z] :  ==> app/vendor-comparison/.DS_Store
[info] [2026-08-01T10:58:54.862Z] : Note - File formats that can be packed are: txt, md, xml, dre, jpg, jpeg, png, gif, css, js, html, json, mp3, svg, woff, ttf, eot, webm, mp4, and woff2
[error] [2026-08-01T10:58:54.868Z] : ✖ Below file formats are not allowed in Sigma
[info] [2026-08-01T10:58:54.869Z] :  ==> app/.DS_Store
[info] [2026-08-01T10:58:54.869Z] :  ==> app/grn/.DS_Store
[info] [2026-08-01T10:58:54.869Z] :  ==> app/pr/.DS_Store
[info] [2026-08-01T10:58:54.870Z] :  ==> app/vendor-comparison/.DS_Store
[info] [2026-08-01T10:58:54.870Z] : Note - File formats that can be packed are: txt, md, xml, dre, jpg, jpeg, png, gif, css, js, html, json, mp3, svg, woff, ttf, eot, webm, mp4, and woff2
[error] [2026-08-03T05:20:04.489Z] : ✖ Below file formats are not allowed in Sigma
[info] [2026-08-03T05:20:04.497Z] :  ==> app/.DS_Store
[info] [2026-08-03T05:20:04.498Z] :  ==> app/grn/.DS_Store
[info] [2026-08-03T05:20:04.498Z] :  ==> app/pr/.DS_Store
[info] [2026-08-03T05:20:04.498Z] :  ==> app/vendor-comparison/.DS_Store
[info] [2026-08-03T05:20:04.498Z] : Note - File formats that can be packed are: txt, md, xml, dre, jpg, jpeg, png, gif, css, js, html, json, mp3, svg, woff, ttf, eot, webm, mp4, and woff2
[error] [2026-08-03T05:20:04.503Z] : ✖ Below file formats are not allowed in Sigma
[info] [2026-08-03T05:20:04.504Z] :  ==> app/.DS_Store
[info] [2026-08-03T05:20:04.504Z] :  ==> app/grn/.DS_Store
[info] [2026-08-03T05:20:04.506Z] :  ==> app/pr/.DS_Store
[info] [2026-08-03T05:20:04.507Z] :  ==> app/vendor-comparison/.DS_Store
[info] [2026-08-03T05:20:04.507Z] : Note - File formats that can be packed are: txt, md, xml, dre, jpg, jpeg, png, gif, css, js, html, json, mp3, svg, woff, ttf, eot, webm, mp4, and woff2
[error] [2026-08-03T05:28:11.463Z] : ✖ Below file formats are not allowed in Sigma
[info] [2026-08-03T05:28:11.470Z] :  ==> app/.DS_Store
[info] [2026-08-03T05:28:11.471Z] :  ==> app/grn/.DS_Store
[info] [2026-08-03T05:28:11.471Z] :  ==> app/pr/.DS_Store
[info] [2026-08-03T05:28:11.471Z] :  ==> app/vendor-comparison/.DS_Store
[info] [2026-08-03T05:28:11.471Z] : Note - File formats that can be packed are: txt, md, xml, dre, jpg, jpeg, png, gif, css, js, html, json, mp3, svg, woff, ttf, eot, webm, mp4, and woff2
[error] [2026-08-03T05:28:11.475Z] : ✖ Below file formats are not allowed in Sigma
[info] [2026-08-03T05:28:11.475Z] :  ==> app/.DS_Store
[info] [2026-08-03T05:28:11.476Z] :  ==> app/grn/.DS_Store
[info] [2026-08-03T05:28:11.476Z] :  ==> app/pr/.DS_Store
[info] [2026-08-03T05:28:11.476Z] :  ==> app/vendor-comparison/.DS_Store
[info] [2026-08-03T05:28:11.476Z] : Note - File formats that can be packed are: txt, md, xml, dre, jpg, jpeg, png, gif, css, js, html, json, mp3, svg, woff, ttf, eot, webm, mp4, and woff2
[error] [2026-08-03T05:31:21.502Z] : ✖ Below file formats are not allowed in Sigma
[info] [2026-08-03T05:31:21.509Z] :  ==> app/.DS_Store
[info] [2026-08-03T05:31:21.509Z] :  ==> app/grn/.DS_Store
[info] [2026-08-03T05:31:21.509Z] :  ==> app/pr/.DS_Store
[info] [2026-08-03T05:31:21.509Z] :  ==> app/vendor-comparison/.DS_Store
[info] [2026-08-03T05:31:21.510Z] : Note - File formats that can be packed are: txt, md, xml, dre, jpg, jpeg, png, gif, css, js, html, json, mp3, svg, woff, ttf, eot, webm, mp4, and woff2
[error] [2026-08-03T05:31:21.514Z] : ✖ Below file formats are not allowed in Sigma
[info] [2026-08-03T05:31:21.514Z] :  ==> app/.DS_Store
[info] [2026-08-03T05:31:21.515Z] :  ==> app/grn/.DS_Store
[info] [2026-08-03T05:31:21.515Z] :  ==> app/pr/.DS_Store
[info] [2026-08-03T05:31:21.515Z] :  ==> app/vendor-comparison/.DS_Store
[info] [2026-08-03T05:31:21.515Z] : Note - File formats that can be packed are: txt, md, xml, dre, jpg, jpeg, png, gif, css, js, html, json, mp3, svg, woff, ttf, eot, webm, mp4, and woff2
[error] [2026-08-03T06:30:47.016Z] : ✖ Below file formats are not allowed in Sigma
[info] [2026-08-03T06:30:47.025Z] :  ==> app/.DS_Store
[info] [2026-08-03T06:30:47.025Z] :  ==> app/grn/.DS_Store
[info] [2026-08-03T06:30:47.025Z] :  ==> app/pr/.DS_Store
[info] [2026-08-03T06:30:47.025Z] :  ==> app/vendor-comparison/.DS_Store
[info] [2026-08-03T06:30:47.026Z] : Note - File formats that can be packed are: txt, md, xml, dre, jpg, jpeg, png, gif, css, js, html, json, mp3, svg, woff, ttf, eot, webm, mp4, and woff2
[error] [2026-08-03T06:30:47.033Z] : ✖ Below file formats are not allowed in Sigma
[info] [2026-08-03T06:30:47.033Z] :  ==> app/.DS_Store
[info] [2026-08-03T06:30:47.034Z] :  ==> app/grn/.DS_Store
[info] [2026-08-03T06:30:47.034Z] :  ==> app/pr/.DS_Store
[info] [2026-08-03T06:30:47.034Z] :  ==> app/vendor-comparison/.DS_Store
[info] [2026-08-03T06:30:47.034Z] : Note - File formats that can be packed are: txt, md, xml, dre, jpg, jpeg, png, gif, css, js, html, json, mp3, svg, woff, ttf, eot, webm, mp4, and woff2
[error] [2026-08-03T06:44:49.167Z] : ✖ Below file formats are not allowed in Sigma
[info] [2026-08-03T06:44:49.175Z] :  ==> app/.DS_Store
[info] [2026-08-03T06:44:49.176Z] :  ==> app/grn/.DS_Store
[info] [2026-08-03T06:44:49.176Z] :  ==> app/pr/.DS_Store
[info] [2026-08-03T06:44:49.176Z] :  ==> app/vendor-comparison/.DS_Store
[info] [2026-08-03T06:44:49.176Z] : Note - File formats that can be packed are: txt, md, xml, dre, jpg, jpeg, png, gif, css, js, html, json, mp3, svg, woff, ttf, eot, webm, mp4, and woff2
[error] [2026-08-03T06:44:49.181Z] : ✖ Below file formats are not allowed in Sigma
[info] [2026-08-03T06:44:49.181Z] :  ==> app/.DS_Store
[info] [2026-08-03T06:44:49.182Z] :  ==> app/grn/.DS_Store
[info] [2026-08-03T06:44:49.183Z] :  ==> app/pr/.DS_Store
[info] [2026-08-03T06:44:49.183Z] :  ==> app/vendor-comparison/.DS_Store
[info] [2026-08-03T06:44:49.184Z] : Note - File formats that can be packed are: txt, md, xml, dre, jpg, jpeg, png, gif, css, js, html, json, mp3, svg, woff, ttf, eot, webm, mp4, and woff2
[error] [2026-08-03T07:07:16.691Z] : ✖ Below file formats are not allowed in Sigma
[info] [2026-08-03T07:07:16.708Z] :  ==> app/.DS_Store
[info] [2026-08-03T07:07:16.709Z] :  ==> app/grn/.DS_Store
[info] [2026-08-03T07:07:16.709Z] :  ==> app/pr/.DS_Store
[info] [2026-08-03T07:07:16.709Z] :  ==> app/vendor-comparison/.DS_Store
[info] [2026-08-03T07:07:16.710Z] : Note - File formats that can be packed are: txt, md, xml, dre, jpg, jpeg, png, gif, css, js, html, json, mp3, svg, woff, ttf, eot, webm, mp4, and woff2
[error] [2026-08-03T07:07:16.718Z] : ✖ Below file formats are not allowed in Sigma
[info] [2026-08-03T07:07:16.718Z] :  ==> app/.DS_Store
[info] [2026-08-03T07:07:16.719Z] :  ==> app/grn/.DS_Store
[info] [2026-08-03T07:07:16.719Z] :  ==> app/pr/.DS_Store
[info] [2026-08-03T07:07:16.719Z] :  ==> app/vendor-comparison/.DS_Store
[info] [2026-08-03T07:07:16.719Z] : Note - File formats that can be packed are: txt, md, xml, dre, jpg, jpeg, png, gif, css, js, html, json, mp3, svg, woff, ttf, eot, webm, mp4, and woff2
[error] [2026-08-03T07:16:41.499Z] : ✖ Below file formats are not allowed in Sigma
[info] [2026-08-03T07:16:41.509Z] :  ==> app/.DS_Store
[info] [2026-08-03T07:16:41.509Z] :  ==> app/grn/.DS_Store
[info] [2026-08-03T07:16:41.509Z] :  ==> app/pr/.DS_Store
[info] [2026-08-03T07:16:41.510Z] :  ==> app/vendor-comparison/.DS_Store
[info] [2026-08-03T07:16:41.510Z] : Note - File formats that can be packed are: txt, md, xml, dre, jpg, jpeg, png, gif, css, js, html, json, mp3, svg, woff, ttf, eot, webm, mp4, and woff2
[error] [2026-08-03T07:16:41.517Z] : ✖ Below file formats are not allowed in Sigma
[info] [2026-08-03T07:16:41.517Z] :  ==> app/.DS_Store
[info] [2026-08-03T07:16:41.517Z] :  ==> app/grn/.DS_Store
[info] [2026-08-03T07:16:41.518Z] :  ==> app/pr/.DS_Store
[info] [2026-08-03T07:16:41.518Z] :  ==> app/vendor-comparison/.DS_Store
[info] [2026-08-03T07:16:41.518Z] : Note - File formats that can be packed are: txt, md, xml, dre, jpg, jpeg, png, gif, css, js, html, json, mp3, svg, woff, ttf, eot, webm, mp4, and woff2
[error] [2026-08-03T09:09:44.117Z] : ✖ Below file formats are not allowed in Sigma
[info] [2026-08-03T09:09:44.122Z] :  ==> app/.DS_Store
[info] [2026-08-03T09:09:44.122Z] :  ==> app/grn/.DS_Store
[info] [2026-08-03T09:09:44.122Z] :  ==> app/pr/.DS_Store
[info] [2026-08-03T09:09:44.122Z] :  ==> app/vendor-comparison/.DS_Store
[info] [2026-08-03T09:09:44.122Z] : Note - File formats that can be packed are: txt, md, xml, dre, jpg, jpeg, png, gif, css, js, html, json, mp3, svg, woff, ttf, eot, webm, mp4, and woff2
[error] [2026-08-03T09:09:44.126Z] : ✖ Below file formats are not allowed in Sigma
[info] [2026-08-03T09:09:44.126Z] :  ==> app/.DS_Store
[info] [2026-08-03T09:09:44.126Z] :  ==> app/grn/.DS_Store
[info] [2026-08-03T09:09:44.126Z] :  ==> app/pr/.DS_Store
[info] [2026-08-03T09:09:44.127Z] :  ==> app/vendor-comparison/.DS_Store
[info] [2026-08-03T09:09:44.127Z] : Note - File formats that can be packed are: txt, md, xml, dre, jpg, jpeg, png, gif, css, js, html, json, mp3, svg, woff, ttf, eot, webm, mp4, and woff2
[error] [2026-08-03T09:10:56.370Z] : ✖ Below file formats are not allowed in Sigma
[info] [2026-08-03T09:10:56.379Z] :  ==> app/.DS_Store
[info] [2026-08-03T09:10:56.379Z] :  ==> app/grn/.DS_Store
[info] [2026-08-03T09:10:56.379Z] :  ==> app/pr/.DS_Store
[info] [2026-08-03T09:10:56.379Z] :  ==> app/vendor-comparison/.DS_Store
[info] [2026-08-03T09:10:56.379Z] : Note - File formats that can be packed are: txt, md, xml, dre, jpg, jpeg, png, gif, css, js, html, json, mp3, svg, woff, ttf, eot, webm, mp4, and woff2
[error] [2026-08-03T09:10:56.383Z] : ✖ Below file formats are not allowed in Sigma
[info] [2026-08-03T09:10:56.383Z] :  ==> app/.DS_Store
[info] [2026-08-03T09:10:56.383Z] :  ==> app/grn/.DS_Store
[info] [2026-08-03T09:10:56.384Z] :  ==> app/pr/.DS_Store
[info] [2026-08-03T09:10:56.384Z] :  ==> app/vendor-comparison/.DS_Store
[info] [2026-08-03T09:10:56.384Z] : Note - File formats that can be packed are: txt, md, xml, dre, jpg, jpeg, png, gif, css, js, html, json, mp3, svg, woff, ttf, eot, webm, mp4, and woff2
[error] [2026-08-03T09:27:51.654Z] : ✖ Below file formats are not allowed in Sigma
[info] [2026-08-03T09:27:51.662Z] :  ==> app/.DS_Store
[info] [2026-08-03T09:27:51.663Z] :  ==> app/grn/.DS_Store
[info] [2026-08-03T09:27:51.663Z] :  ==> app/pr/.DS_Store
[info] [2026-08-03T09:27:51.663Z] :  ==> app/vendor-comparison/.DS_Store
[info] [2026-08-03T09:27:51.663Z] : Note - File formats that can be packed are: txt, md, xml, dre, jpg, jpeg, png, gif, css, js, html, json, mp3, svg, woff, ttf, eot, webm, mp4, and woff2
[error] [2026-08-03T09:27:51.668Z] : ✖ Below file formats are not allowed in Sigma
[info] [2026-08-03T09:27:51.668Z] :  ==> app/.DS_Store
[info] [2026-08-03T09:27:51.668Z] :  ==> app/grn/.DS_Store
[info] [2026-08-03T09:27:51.668Z] :  ==> app/pr/.DS_Store
[info] [2026-08-03T09:27:51.669Z] :  ==> app/vendor-comparison/.DS_Store
[info] [2026-08-03T09:27:51.669Z] : Note - File formats that can be packed are: txt, md, xml, dre, jpg, jpeg, png, gif, css, js, html, json, mp3, svg, woff, ttf, eot, webm, mp4, and woff2
[error] [2026-08-03T09:35:45.798Z] : ✖ Below file formats are not allowed in Sigma
[info] [2026-08-03T09:35:45.805Z] :  ==> app/.DS_Store
[info] [2026-08-03T09:35:45.805Z] :  ==> app/grn/.DS_Store
[info] [2026-08-03T09:35:45.805Z] :  ==> app/pr/.DS_Store
[info] [2026-08-03T09:35:45.805Z] :  ==> app/vendor-comparison/.DS_Store
[info] [2026-08-03T09:35:45.806Z] : Note - File formats that can be packed are: txt, md, xml, dre, jpg, jpeg, png, gif, css, js, html, json, mp3, svg, woff, ttf, eot, webm, mp4, and woff2
[error] [2026-08-03T09:35:45.810Z] : ✖ Below file formats are not allowed in Sigma
[info] [2026-08-03T09:35:45.810Z] :  ==> app/.DS_Store
[info] [2026-08-03T09:35:45.810Z] :  ==> app/grn/.DS_Store
[info] [2026-08-03T09:35:45.810Z] :  ==> app/pr/.DS_Store
[info] [2026-08-03T09:35:45.811Z] :  ==> app/vendor-comparison/.DS_Store
[info] [2026-08-03T09:35:45.811Z] : Note - File formats that can be packed are: txt, md, xml, dre, jpg, jpeg, png, gif, css, js, html, json, mp3, svg, woff, ttf, eot, webm, mp4, and woff2
[error] [2026-08-03T09:38:19.457Z] : ✖ Below file formats are not allowed in Sigma
[info] [2026-08-03T09:38:19.465Z] :  ==> app/.DS_Store
[info] [2026-08-03T09:38:19.465Z] :  ==> app/grn/.DS_Store
[info] [2026-08-03T09:38:19.465Z] :  ==> app/pr/.DS_Store
[info] [2026-08-03T09:38:19.465Z] :  ==> app/vendor-comparison/.DS_Store
[info] [2026-08-03T09:38:19.466Z] : Note - File formats that can be packed are: txt, md, xml, dre, jpg, jpeg, png, gif, css, js, html, json, mp3, svg, woff, ttf, eot, webm, mp4, and woff2
[error] [2026-08-03T09:38:19.471Z] : ✖ Below file formats are not allowed in Sigma
[info] [2026-08-03T09:38:19.471Z] :  ==> app/.DS_Store
[info] [2026-08-03T09:38:19.471Z] :  ==> app/grn/.DS_Store
[info] [2026-08-03T09:38:19.471Z] :  ==> app/pr/.DS_Store
[info] [2026-08-03T09:38:19.472Z] :  ==> app/vendor-comparison/.DS_Store
[info] [2026-08-03T09:38:19.472Z] : Note - File formats that can be packed are: txt, md, xml, dre, jpg, jpeg, png, gif, css, js, html, json, mp3, svg, woff, ttf, eot, webm, mp4, and woff2
[error] [2026-08-03T09:47:06.329Z] : ✖ Below file formats are not allowed in Sigma
[info] [2026-08-03T09:47:06.337Z] :  ==> app/.DS_Store
[info] [2026-08-03T09:47:06.337Z] :  ==> app/grn/.DS_Store
[info] [2026-08-03T09:47:06.338Z] :  ==> app/pr/.DS_Store
[info] [2026-08-03T09:47:06.338Z] :  ==> app/vendor-comparison/.DS_Store
[info] [2026-08-03T09:47:06.338Z] : Note - File formats that can be packed are: txt, md, xml, dre, jpg, jpeg, png, gif, css, js, html, json, mp3, svg, woff, ttf, eot, webm, mp4, and woff2
[error] [2026-08-03T09:47:06.342Z] : ✖ Below file formats are not allowed in Sigma
[info] [2026-08-03T09:47:06.342Z] :  ==> app/.DS_Store
[info] [2026-08-03T09:47:06.342Z] :  ==> app/grn/.DS_Store
[info] [2026-08-03T09:47:06.343Z] :  ==> app/pr/.DS_Store
[info] [2026-08-03T09:47:06.343Z] :  ==> app/vendor-comparison/.DS_Store
[info] [2026-08-03T09:47:06.343Z] : Note - File formats that can be packed are: txt, md, xml, dre, jpg, jpeg, png, gif, css, js, html, json, mp3, svg, woff, ttf, eot, webm, mp4, and woff2
[error] [2026-08-03T09:59:33.300Z] : ✖ Below file formats are not allowed in Sigma
[info] [2026-08-03T09:59:33.307Z] :  ==> app/.DS_Store
[info] [2026-08-03T09:59:33.307Z] :  ==> app/grn/.DS_Store
[info] [2026-08-03T09:59:33.307Z] :  ==> app/pr/.DS_Store
[info] [2026-08-03T09:59:33.308Z] :  ==> app/vendor-comparison/.DS_Store
[info] [2026-08-03T09:59:33.308Z] : Note - File formats that can be packed are: txt, md, xml, dre, jpg, jpeg, png, gif, css, js, html, json, mp3, svg, woff, ttf, eot, webm, mp4, and woff2
[error] [2026-08-03T09:59:33.312Z] : ✖ Below file formats are not allowed in Sigma
[info] [2026-08-03T09:59:33.313Z] :  ==> app/.DS_Store
[info] [2026-08-03T09:59:33.313Z] :  ==> app/grn/.DS_Store
[info] [2026-08-03T09:59:33.313Z] :  ==> app/pr/.DS_Store
[info] [2026-08-03T09:59:33.313Z] :  ==> app/vendor-comparison/.DS_Store
[info] [2026-08-03T09:59:33.313Z] : Note - File formats that can be packed are: txt, md, xml, dre, jpg, jpeg, png, gif, css, js, html, json, mp3, svg, woff, ttf, eot, webm, mp4, and woff2
[error] [2026-08-03T10:02:53.606Z] : ✖ Below file formats are not allowed in Sigma
[info] [2026-08-03T10:02:53.611Z] :  ==> app/.DS_Store
[info] [2026-08-03T10:02:53.611Z] :  ==> app/grn/.DS_Store
[info] [2026-08-03T10:02:53.612Z] :  ==> app/pr/.DS_Store
[info] [2026-08-03T10:02:53.612Z] :  ==> app/vendor-comparison/.DS_Store
[info] [2026-08-03T10:02:53.612Z] : Note - File formats that can be packed are: txt, md, xml, dre, jpg, jpeg, png, gif, css, js, html, json, mp3, svg, woff, ttf, eot, webm, mp4, and woff2
[error] [2026-08-03T10:02:53.616Z] : ✖ Below file formats are not allowed in Sigma
[info] [2026-08-03T10:02:53.616Z] :  ==> app/.DS_Store
[info] [2026-08-03T10:02:53.616Z] :  ==> app/grn/.DS_Store
[info] [2026-08-03T10:02:53.616Z] :  ==> app/pr/.DS_Store
[info] [2026-08-03T10:02:53.617Z] :  ==> app/vendor-comparison/.DS_Store
[info] [2026-08-03T10:02:53.617Z] : Note - File formats that can be packed are: txt, md, xml, dre, jpg, jpeg, png, gif, css, js, html, json, mp3, svg, woff, ttf, eot, webm, mp4, and woff2
[error] [2026-08-03T10:03:38.060Z] : ✖ Below file formats are not allowed in Sigma
[info] [2026-08-03T10:03:38.069Z] :  ==> app/.DS_Store
[info] [2026-08-03T10:03:38.069Z] :  ==> app/grn/.DS_Store
[info] [2026-08-03T10:03:38.069Z] :  ==> app/pr/.DS_Store
[info] [2026-08-03T10:03:38.069Z] :  ==> app/vendor-comparison/.DS_Store
[info] [2026-08-03T10:03:38.070Z] : Note - File formats that can be packed are: txt, md, xml, dre, jpg, jpeg, png, gif, css, js, html, json, mp3, svg, woff, ttf, eot, webm, mp4, and woff2
[error] [2026-08-03T10:03:38.074Z] : ✖ Below file formats are not allowed in Sigma
[info] [2026-08-03T10:03:38.074Z] :  ==> app/.DS_Store
[info] [2026-08-03T10:03:38.074Z] :  ==> app/grn/.DS_Store
[info] [2026-08-03T10:03:38.074Z] :  ==> app/pr/.DS_Store
[info] [2026-08-03T10:03:38.075Z] :  ==> app/vendor-comparison/.DS_Store
[info] [2026-08-03T10:03:38.075Z] : Note - File formats that can be packed are: txt, md, xml, dre, jpg, jpeg, png, gif, css, js, html, json, mp3, svg, woff, ttf, eot, webm, mp4, and woff2
[error] [2026-08-03T10:10:38.724Z] : ✖ Below file formats are not allowed in Sigma
[info] [2026-08-03T10:10:38.734Z] :  ==> app/.DS_Store
[info] [2026-08-03T10:10:38.734Z] :  ==> app/grn/.DS_Store
[info] [2026-08-03T10:10:38.734Z] :  ==> app/pr/.DS_Store
[info] [2026-08-03T10:10:38.734Z] :  ==> app/vendor-comparison/.DS_Store
[info] [2026-08-03T10:10:38.734Z] : Note - File formats that can be packed are: txt, md, xml, dre, jpg, jpeg, png, gif, css, js, html, json, mp3, svg, woff, ttf, eot, webm, mp4, and woff2
[error] [2026-08-03T10:10:38.738Z] : ✖ Below file formats are not allowed in Sigma
[info] [2026-08-03T10:10:38.738Z] :  ==> app/.DS_Store
[info] [2026-08-03T10:10:38.739Z] :  ==> app/grn/.DS_Store
[info] [2026-08-03T10:10:38.739Z] :  ==> app/pr/.DS_Store
[info] [2026-08-03T10:10:38.739Z] :  ==> app/vendor-comparison/.DS_Store
[info] [2026-08-03T10:10:38.739Z] : Note - File formats that can be packed are: txt, md, xml, dre, jpg, jpeg, png, gif, css, js, html, json, mp3, svg, woff, ttf, eot, webm, mp4, and woff2
[error] [2026-08-03T10:12:08.277Z] : ✖ Below file formats are not allowed in Sigma
[info] [2026-08-03T10:12:08.286Z] :  ==> app/.DS_Store
[info] [2026-08-03T10:12:08.287Z] :  ==> app/grn/.DS_Store
[info] [2026-08-03T10:12:08.287Z] :  ==> app/pr/.DS_Store
[info] [2026-08-03T10:12:08.287Z] :  ==> app/vendor-comparison/.DS_Store
[info] [2026-08-03T10:12:08.288Z] : Note - File formats that can be packed are: txt, md, xml, dre, jpg, jpeg, png, gif, css, js, html, json, mp3, svg, woff, ttf, eot, webm, mp4, and woff2
[error] [2026-08-03T10:12:08.293Z] : ✖ Below file formats are not allowed in Sigma
[info] [2026-08-03T10:12:08.293Z] :  ==> app/.DS_Store
[info] [2026-08-03T10:12:08.293Z] :  ==> app/grn/.DS_Store
[info] [2026-08-03T10:12:08.294Z] :  ==> app/pr/.DS_Store
[info] [2026-08-03T10:12:08.294Z] :  ==> app/vendor-comparison/.DS_Store
[info] [2026-08-03T10:12:08.294Z] : Note - File formats that can be packed are: txt, md, xml, dre, jpg, jpeg, png, gif, css, js, html, json, mp3, svg, woff, ttf, eot, webm, mp4, and woff2
[error] [2026-08-03T10:16:38.245Z] : ✖ Below file formats are not allowed in Sigma
[info] [2026-08-03T10:16:38.255Z] :  ==> app/.DS_Store
[info] [2026-08-03T10:16:38.256Z] :  ==> app/grn/.DS_Store
[info] [2026-08-03T10:16:38.256Z] :  ==> app/pr/.DS_Store
[info] [2026-08-03T10:16:38.256Z] :  ==> app/vendor-comparison/.DS_Store
[info] [2026-08-03T10:16:38.256Z] : Note - File formats that can be packed are: txt, md, xml, dre, jpg, jpeg, png, gif, css, js, html, json, mp3, svg, woff, ttf, eot, webm, mp4, and woff2
[error] [2026-08-03T10:16:38.263Z] : ✖ Below file formats are not allowed in Sigma
[info] [2026-08-03T10:16:38.263Z] :  ==> app/.DS_Store
[info] [2026-08-03T10:16:38.263Z] :  ==> app/grn/.DS_Store
[info] [2026-08-03T10:16:38.264Z] :  ==> app/pr/.DS_Store
[info] [2026-08-03T10:16:38.264Z] :  ==> app/vendor-comparison/.DS_Store
[info] [2026-08-03T10:16:38.264Z] : Note - File formats that can be packed are: txt, md, xml, dre, jpg, jpeg, png, gif, css, js, html, json, mp3, svg, woff, ttf, eot, webm, mp4, and woff2
[error] [2026-08-03T10:16:51.420Z] : ✖ Below file formats are not allowed in Sigma
[info] [2026-08-03T10:16:51.427Z] :  ==> app/.DS_Store
[info] [2026-08-03T10:16:51.427Z] :  ==> app/grn/.DS_Store
[info] [2026-08-03T10:16:51.427Z] :  ==> app/pr/.DS_Store
[info] [2026-08-03T10:16:51.427Z] :  ==> app/vendor-comparison/.DS_Store
[info] [2026-08-03T10:16:51.428Z] : Note - File formats that can be packed are: txt, md, xml, dre, jpg, jpeg, png, gif, css, js, html, json, mp3, svg, woff, ttf, eot, webm, mp4, and woff2
[error] [2026-08-03T10:16:51.434Z] : ✖ Below file formats are not allowed in Sigma
[info] [2026-08-03T10:16:51.434Z] :  ==> app/.DS_Store
[info] [2026-08-03T10:16:51.435Z] :  ==> app/grn/.DS_Store
[info] [2026-08-03T10:16:51.435Z] :  ==> app/pr/.DS_Store
[info] [2026-08-03T10:16:51.435Z] :  ==> app/vendor-comparison/.DS_Store
[info] [2026-08-03T10:16:51.435Z] : Note - File formats that can be packed are: txt, md, xml, dre, jpg, jpeg, png, gif, css, js, html, json, mp3, svg, woff, ttf, eot, webm, mp4, and woff2
[error] [2026-08-03T10:17:17.852Z] : ✖ Below file formats are not allowed in Sigma
[info] [2026-08-03T10:17:17.855Z] :  ==> app/.DS_Store
[info] [2026-08-03T10:17:17.855Z] :  ==> app/grn/.DS_Store
[info] [2026-08-03T10:17:17.855Z] :  ==> app/pr/.DS_Store
[info] [2026-08-03T10:17:17.855Z] :  ==> app/vendor-comparison/.DS_Store
[info] [2026-08-03T10:17:17.856Z] : Note - File formats that can be packed are: txt, md, xml, dre, jpg, jpeg, png, gif, css, js, html, json, mp3, svg, woff, ttf, eot, webm, mp4, and woff2
[error] [2026-08-03T10:17:17.861Z] : ✖ Below file formats are not allowed in Sigma
[info] [2026-08-03T10:17:17.862Z] :  ==> app/.DS_Store
[info] [2026-08-03T10:17:17.862Z] :  ==> app/grn/.DS_Store
[info] [2026-08-03T10:17:17.862Z] :  ==> app/pr/.DS_Store
[info] [2026-08-03T10:17:17.862Z] :  ==> app/vendor-comparison/.DS_Store
[info] [2026-08-03T10:17:17.863Z] : Note - File formats that can be packed are: txt, md, xml, dre, jpg, jpeg, png, gif, css, js, html, json, mp3, svg, woff, ttf, eot, webm, mp4, and woff2
[error] [2026-08-03T10:25:09.921Z] : ✖ Below file formats are not allowed in Sigma
[info] [2026-08-03T10:25:09.929Z] :  ==> app/.DS_Store
[info] [2026-08-03T10:25:09.930Z] :  ==> app/grn/.DS_Store
[info] [2026-08-03T10:25:09.930Z] :  ==> app/pr/.DS_Store
[info] [2026-08-03T10:25:09.930Z] :  ==> app/vendor-comparison/.DS_Store
[info] [2026-08-03T10:25:09.930Z] : Note - File formats that can be packed are: txt, md, xml, dre, jpg, jpeg, png, gif, css, js, html, json, mp3, svg, woff, ttf, eot, webm, mp4, and woff2
[error] [2026-08-03T10:25:09.937Z] : ✖ Below file formats are not allowed in Sigma
[info] [2026-08-03T10:25:09.937Z] :  ==> app/.DS_Store
[info] [2026-08-03T10:25:09.937Z] :  ==> app/grn/.DS_Store
[info] [2026-08-03T10:25:09.938Z] :  ==> app/pr/.DS_Store
[info] [2026-08-03T10:25:09.938Z] :  ==> app/vendor-comparison/.DS_Store
[info] [2026-08-03T10:25:09.938Z] : Note - File formats that can be packed are: txt, md, xml, dre, jpg, jpeg, png, gif, css, js, html, json, mp3, svg, woff, ttf, eot, webm, mp4, and woff2
[error] [2026-08-03T10:29:01.279Z] : ✖ Below file formats are not allowed in Sigma
[info] [2026-08-03T10:29:01.289Z] :  ==> app/.DS_Store
[info] [2026-08-03T10:29:01.289Z] :  ==> app/grn/.DS_Store
[info] [2026-08-03T10:29:01.289Z] :  ==> app/pr/.DS_Store
[info] [2026-08-03T10:29:01.290Z] :  ==> app/vendor-comparison/.DS_Store
[info] [2026-08-03T10:29:01.290Z] : Note - File formats that can be packed are: txt, md, xml, dre, jpg, jpeg, png, gif, css, js, html, json, mp3, svg, woff, ttf, eot, webm, mp4, and woff2
[error] [2026-08-03T10:29:01.296Z] : ✖ Below file formats are not allowed in Sigma
[info] [2026-08-03T10:29:01.297Z] :  ==> app/.DS_Store
[info] [2026-08-03T10:29:01.297Z] :  ==> app/grn/.DS_Store
[info] [2026-08-03T10:29:01.297Z] :  ==> app/pr/.DS_Store
[info] [2026-08-03T10:29:01.298Z] :  ==> app/vendor-comparison/.DS_Store
[info] [2026-08-03T10:29:01.298Z] : Note - File formats that can be packed are: txt, md, xml, dre, jpg, jpeg, png, gif, css, js, html, json, mp3, svg, woff, ttf, eot, webm, mp4, and woff2
[error] [2026-08-03T11:11:18.615Z] : ✖ Below file formats are not allowed in Sigma
[info] [2026-08-03T11:11:18.624Z] :  ==> app/.DS_Store
[info] [2026-08-03T11:11:18.624Z] :  ==> app/grn/.DS_Store
[info] [2026-08-03T11:11:18.625Z] :  ==> app/pr/.DS_Store
[info] [2026-08-03T11:11:18.625Z] :  ==> app/vendor-comparison/.DS_Store
[info] [2026-08-03T11:11:18.625Z] : Note - File formats that can be packed are: txt, md, xml, dre, jpg, jpeg, png, gif, css, js, html, json, mp3, svg, woff, ttf, eot, webm, mp4, and woff2
[error] [2026-08-03T11:11:18.632Z] : ✖ Below file formats are not allowed in Sigma
[info] [2026-08-03T11:11:18.633Z] :  ==> app/.DS_Store
[info] [2026-08-03T11:11:18.633Z] :  ==> app/grn/.DS_Store
[info] [2026-08-03T11:11:18.633Z] :  ==> app/pr/.DS_Store
[info] [2026-08-03T11:11:18.634Z] :  ==> app/vendor-comparison/.DS_Store
[info] [2026-08-03T11:11:18.634Z] : Note - File formats that can be packed are: txt, md, xml, dre, jpg, jpeg, png, gif, css, js, html, json, mp3, svg, woff, ttf, eot, webm, mp4, and woff2
[error] [2026-08-03T11:22:51.327Z] : ✖ Below file formats are not allowed in Sigma
[info] [2026-08-03T11:22:51.337Z] :  ==> app/.DS_Store
[info] [2026-08-03T11:22:51.337Z] :  ==> app/grn/.DS_Store
[info] [2026-08-03T11:22:51.337Z] :  ==> app/pr/.DS_Store
[info] [2026-08-03T11:22:51.337Z] :  ==> app/vendor-comparison/.DS_Store
[info] [2026-08-03T11:22:51.338Z] : Note - File formats that can be packed are: txt, md, xml, dre, jpg, jpeg, png, gif, css, js, html, json, mp3, svg, woff, ttf, eot, webm, mp4, and woff2
[error] [2026-08-03T11:22:51.343Z] : ✖ Below file formats are not allowed in Sigma
[info] [2026-08-03T11:22:51.344Z] :  ==> app/.DS_Store
[info] [2026-08-03T11:22:51.344Z] :  ==> app/grn/.DS_Store
[info] [2026-08-03T11:22:51.345Z] :  ==> app/pr/.DS_Store
[info] [2026-08-03T11:22:51.345Z] :  ==> app/vendor-comparison/.DS_Store
[info] [2026-08-03T11:22:51.345Z] : Note - File formats that can be packed are: txt, md, xml, dre, jpg, jpeg, png, gif, css, js, html, json, mp3, svg, woff, ttf, eot, webm, mp4, and woff2
[error] [2026-08-03T11:25:41.357Z] : ✖ Below file formats are not allowed in Sigma
[info] [2026-08-03T11:25:41.366Z] :  ==> app/.DS_Store
[info] [2026-08-03T11:25:41.366Z] :  ==> app/grn/.DS_Store
[info] [2026-08-03T11:25:41.366Z] :  ==> app/pr/.DS_Store
[info] [2026-08-03T11:25:41.366Z] :  ==> app/vendor-comparison/.DS_Store
[info] [2026-08-03T11:25:41.367Z] : Note - File formats that can be packed are: txt, md, xml, dre, jpg, jpeg, png, gif, css, js, html, json, mp3, svg, woff, ttf, eot, webm, mp4, and woff2
[error] [2026-08-03T11:25:41.375Z] : ✖ Below file formats are not allowed in Sigma
[info] [2026-08-03T11:25:41.376Z] :  ==> app/.DS_Store
[info] [2026-08-03T11:25:41.376Z] :  ==> app/grn/.DS_Store
[info] [2026-08-03T11:25:41.377Z] :  ==> app/pr/.DS_Store
[info] [2026-08-03T11:25:41.377Z] :  ==> app/vendor-comparison/.DS_Store
[info] [2026-08-03T11:25:41.377Z] : Note - File formats that can be packed are: txt, md, xml, dre, jpg, jpeg, png, gif, css, js, html, json, mp3, svg, woff, ttf, eot, webm, mp4, and woff2
[error] [2026-08-03T11:44:29.609Z] : ✖ Below file formats are not allowed in Sigma
[info] [2026-08-03T11:44:29.617Z] :  ==> app/.DS_Store
[info] [2026-08-03T11:44:29.617Z] :  ==> app/grn/.DS_Store
[info] [2026-08-03T11:44:29.617Z] :  ==> app/pr/.DS_Store
[info] [2026-08-03T11:44:29.618Z] :  ==> app/vendor-comparison/.DS_Store
[info] [2026-08-03T11:44:29.618Z] : Note - File formats that can be packed are: txt, md, xml, dre, jpg, jpeg, png, gif, css, js, html, json, mp3, svg, woff, ttf, eot, webm, mp4, and woff2
[error] [2026-08-03T11:44:29.624Z] : ✖ Below file formats are not allowed in Sigma
[info] [2026-08-03T11:44:29.624Z] :  ==> app/.DS_Store
[info] [2026-08-03T11:44:29.625Z] :  ==> app/grn/.DS_Store
[info] [2026-08-03T11:44:29.625Z] :  ==> app/pr/.DS_Store
[info] [2026-08-03T11:44:29.625Z] :  ==> app/vendor-comparison/.DS_Store
[info] [2026-08-03T11:44:29.626Z] : Note - File formats that can be packed are: txt, md, xml, dre, jpg, jpeg, png, gif, css, js, html, json, mp3, svg, woff, ttf, eot, webm, mp4, and woff2
[error] [2026-08-03T11:49:10.028Z] : ✖ Below file formats are not allowed in Sigma
[info] [2026-08-03T11:49:10.036Z] :  ==> app/.DS_Store
[info] [2026-08-03T11:49:10.036Z] :  ==> app/grn/.DS_Store
[info] [2026-08-03T11:49:10.037Z] :  ==> app/pr/.DS_Store
[info] [2026-08-03T11:49:10.037Z] :  ==> app/vendor-comparison/.DS_Store
[info] [2026-08-03T11:49:10.037Z] : Note - File formats that can be packed are: txt, md, xml, dre, jpg, jpeg, png, gif, css, js, html, json, mp3, svg, woff, ttf, eot, webm, mp4, and woff2
[error] [2026-08-03T11:49:10.046Z] : ✖ Below file formats are not allowed in Sigma
[info] [2026-08-03T11:49:10.046Z] :  ==> app/.DS_Store
[info] [2026-08-03T11:49:10.047Z] :  ==> app/grn/.DS_Store
[info] [2026-08-03T11:49:10.047Z] :  ==> app/pr/.DS_Store
[info] [2026-08-03T11:49:10.047Z] :  ==> app/vendor-comparison/.DS_Store
[info] [2026-08-03T11:49:10.048Z] : Note - File formats that can be packed are: txt, md, xml, dre, jpg, jpeg, png, gif, css, js, html, json, mp3, svg, woff, ttf, eot, webm, mp4, and woff2
[error] [2026-08-03T11:49:57.997Z] : ✖ Below file formats are not allowed in Sigma
[info] [2026-08-03T11:49:58.006Z] :  ==> app/.DS_Store
[info] [2026-08-03T11:49:58.007Z] :  ==> app/grn/.DS_Store
[info] [2026-08-03T11:49:58.007Z] :  ==> app/pr/.DS_Store
[info] [2026-08-03T11:49:58.007Z] :  ==> app/vendor-comparison/.DS_Store
[info] [2026-08-03T11:49:58.008Z] : Note - File formats that can be packed are: txt, md, xml, dre, jpg, jpeg, png, gif, css, js, html, json, mp3, svg, woff, ttf, eot, webm, mp4, and woff2
[error] [2026-08-03T11:49:58.014Z] : ✖ Below file formats are not allowed in Sigma
[info] [2026-08-03T11:49:58.014Z] :  ==> app/.DS_Store
[info] [2026-08-03T11:49:58.014Z] :  ==> app/grn/.DS_Store
[info] [2026-08-03T11:49:58.015Z] :  ==> app/pr/.DS_Store
[info] [2026-08-03T11:49:58.015Z] :  ==> app/vendor-comparison/.DS_Store
[info] [2026-08-03T11:49:58.015Z] : Note - File formats that can be packed are: txt, md, xml, dre, jpg, jpeg, png, gif, css, js, html, json, mp3, svg, woff, ttf, eot, webm, mp4, and woff2
[error] [2026-08-03T11:51:11.528Z] : ✖ Below file formats are not allowed in Sigma
[info] [2026-08-03T11:51:11.531Z] :  ==> app/.DS_Store
[info] [2026-08-03T11:51:11.532Z] :  ==> app/grn/.DS_Store
[info] [2026-08-03T11:51:11.532Z] :  ==> app/pr/.DS_Store
[info] [2026-08-03T11:51:11.532Z] :  ==> app/vendor-comparison/.DS_Store
[info] [2026-08-03T11:51:11.532Z] : Note - File formats that can be packed are: txt, md, xml, dre, jpg, jpeg, png, gif, css, js, html, json, mp3, svg, woff, ttf, eot, webm, mp4, and woff2
[error] [2026-08-03T11:51:11.537Z] : ✖ Below file formats are not allowed in Sigma
[info] [2026-08-03T11:51:11.538Z] :  ==> app/.DS_Store
[info] [2026-08-03T11:51:11.538Z] :  ==> app/grn/.DS_Store
[info] [2026-08-03T11:51:11.539Z] :  ==> app/pr/.DS_Store
[info] [2026-08-03T11:51:11.539Z] :  ==> app/vendor-comparison/.DS_Store
[info] [2026-08-03T11:51:11.539Z] : Note - File formats that can be packed are: txt, md, xml, dre, jpg, jpeg, png, gif, css, js, html, json, mp3, svg, woff, ttf, eot, webm, mp4, and woff2
[error] [2026-08-03T12:14:50.495Z] : ✖ Below file formats are not allowed in Sigma
[info] [2026-08-03T12:14:50.508Z] :  ==> app/.DS_Store
[info] [2026-08-03T12:14:50.508Z] :  ==> app/grn/.DS_Store
[info] [2026-08-03T12:14:50.508Z] :  ==> app/pr/.DS_Store
[info] [2026-08-03T12:14:50.509Z] :  ==> app/vendor-comparison/.DS_Store
[info] [2026-08-03T12:14:50.509Z] : Note - File formats that can be packed are: txt, md, xml, dre, jpg, jpeg, png, gif, css, js, html, json, mp3, svg, woff, ttf, eot, webm, mp4, and woff2
[error] [2026-08-03T12:14:50.516Z] : ✖ Below file formats are not allowed in Sigma
[info] [2026-08-03T12:14:50.517Z] :  ==> app/.DS_Store
[info] [2026-08-03T12:14:50.517Z] :  ==> app/grn/.DS_Store
[info] [2026-08-03T12:14:50.517Z] :  ==> app/pr/.DS_Store
[info] [2026-08-03T12:14:50.518Z] :  ==> app/vendor-comparison/.DS_Store
[info] [2026-08-03T12:14:50.518Z] : Note - File formats that can be packed are: txt, md, xml, dre, jpg, jpeg, png, gif, css, js, html, json, mp3, svg, woff, ttf, eot, webm, mp4, and woff2
[error] [2026-08-03T12:16:46.115Z] : ✖ Below file formats are not allowed in Sigma
[info] [2026-08-03T12:16:46.124Z] :  ==> app/.DS_Store
[info] [2026-08-03T12:16:46.124Z] :  ==> app/grn/.DS_Store
[info] [2026-08-03T12:16:46.125Z] :  ==> app/pr/.DS_Store
[info] [2026-08-03T12:16:46.125Z] :  ==> app/vendor-comparison/.DS_Store
[info] [2026-08-03T12:16:46.125Z] : Note - File formats that can be packed are: txt, md, xml, dre, jpg, jpeg, png, gif, css, js, html, json, mp3, svg, woff, ttf, eot, webm, mp4, and woff2
[error] [2026-08-03T12:16:46.132Z] : ✖ Below file formats are not allowed in Sigma
[info] [2026-08-03T12:16:46.132Z] :  ==> app/.DS_Store
[info] [2026-08-03T12:16:46.132Z] :  ==> app/grn/.DS_Store
[info] [2026-08-03T12:16:46.133Z] :  ==> app/pr/.DS_Store
[info] [2026-08-03T12:16:46.133Z] :  ==> app/vendor-comparison/.DS_Store
[info] [2026-08-03T12:16:46.133Z] : Note - File formats that can be packed are: txt, md, xml, dre, jpg, jpeg, png, gif, css, js, html, json, mp3, svg, woff, ttf, eot, webm, mp4, and woff2
[error] [2026-08-03T12:27:44.542Z] : ✖ Below file formats are not allowed in Sigma
[info] [2026-08-03T12:27:44.552Z] :  ==> app/.DS_Store
[info] [2026-08-03T12:27:44.552Z] :  ==> app/grn/.DS_Store
[info] [2026-08-03T12:27:44.552Z] :  ==> app/pr/.DS_Store
[info] [2026-08-03T12:27:44.553Z] :  ==> app/vendor-comparison/.DS_Store
[info] [2026-08-03T12:27:44.553Z] : Note - File formats that can be packed are: txt, md, xml, dre, jpg, jpeg, png, gif, css, js, html, json, mp3, svg, woff, ttf, eot, webm, mp4, and woff2
[error] [2026-08-03T12:27:44.559Z] : ✖ Below file formats are not allowed in Sigma
[info] [2026-08-03T12:27:44.560Z] :  ==> app/.DS_Store
[info] [2026-08-03T12:27:44.560Z] :  ==> app/grn/.DS_Store
[info] [2026-08-03T12:27:44.560Z] :  ==> app/pr/.DS_Store
[info] [2026-08-03T12:27:44.561Z] :  ==> app/vendor-comparison/.DS_Store
[info] [2026-08-03T12:27:44.561Z] : Note - File formats that can be packed are: txt, md, xml, dre, jpg, jpeg, png, gif, css, js, html, json, mp3, svg, woff, ttf, eot, webm, mp4, and woff2
[error] [2026-08-03T12:28:21.147Z] : ✖ Below file formats are not allowed in Sigma
[info] [2026-08-03T12:28:21.157Z] :  ==> app/.DS_Store
[info] [2026-08-03T12:28:21.157Z] :  ==> app/grn/.DS_Store
[info] [2026-08-03T12:28:21.157Z] :  ==> app/pr/.DS_Store
[info] [2026-08-03T12:28:21.157Z] :  ==> app/vendor-comparison/.DS_Store
[info] [2026-08-03T12:28:21.158Z] : Note - File formats that can be packed are: txt, md, xml, dre, jpg, jpeg, png, gif, css, js, html, json, mp3, svg, woff, ttf, eot, webm, mp4, and woff2
[error] [2026-08-03T12:28:21.164Z] : ✖ Below file formats are not allowed in Sigma
[info] [2026-08-03T12:28:21.165Z] :  ==> app/.DS_Store
[info] [2026-08-03T12:28:21.165Z] :  ==> app/grn/.DS_Store
[info] [2026-08-03T12:28:21.166Z] :  ==> app/pr/.DS_Store
[info] [2026-08-03T12:28:21.167Z] :  ==> app/vendor-comparison/.DS_Store
[info] [2026-08-03T12:28:21.167Z] : Note - File formats that can be packed are: txt, md, xml, dre, jpg, jpeg, png, gif, css, js, html, json, mp3, svg, woff, ttf, eot, webm, mp4, and woff2
[error] [2026-08-03T13:01:48.621Z] : ✖ Below file formats are not allowed in Sigma
[info] [2026-08-03T13:01:48.630Z] :  ==> app/.DS_Store
[info] [2026-08-03T13:01:48.630Z] :  ==> app/grn/.DS_Store
[info] [2026-08-03T13:01:48.630Z] :  ==> app/po/.DS_Store
[info] [2026-08-03T13:01:48.630Z] :  ==> app/pr/.DS_Store
[info] [2026-08-03T13:01:48.631Z] :  ==> app/vendor-comparison/.DS_Store
[info] [2026-08-03T13:01:48.631Z] : Note - File formats that can be packed are: txt, md, xml, dre, jpg, jpeg, png, gif, css, js, html, json, mp3, svg, woff, ttf, eot, webm, mp4, and woff2
[error] [2026-08-03T13:01:48.637Z] : ✖ Below file formats are not allowed in Sigma
[info] [2026-08-03T13:01:48.638Z] :  ==> app/.DS_Store
[info] [2026-08-03T13:01:48.638Z] :  ==> app/grn/.DS_Store
[info] [2026-08-03T13:01:48.638Z] :  ==> app/po/.DS_Store
[info] [2026-08-03T13:01:48.638Z] :  ==> app/pr/.DS_Store
[info] [2026-08-03T13:01:48.638Z] :  ==> app/vendor-comparison/.DS_Store
[info] [2026-08-03T13:01:48.638Z] : Note - File formats that can be packed are: txt, md, xml, dre, jpg, jpeg, png, gif, css, js, html, json, mp3, svg, woff, ttf, eot, webm, mp4, and woff2
[error] [2026-08-03T13:03:30.317Z] : ✖ Below file formats are not allowed in Sigma
[info] [2026-08-03T13:03:30.323Z] :  ==> app/.DS_Store
[info] [2026-08-03T13:03:30.323Z] :  ==> app/grn/.DS_Store
[info] [2026-08-03T13:03:30.323Z] :  ==> app/po/.DS_Store
[info] [2026-08-03T13:03:30.324Z] :  ==> app/pr/.DS_Store
[info] [2026-08-03T13:03:30.324Z] :  ==> app/vendor-comparison/.DS_Store
[info] [2026-08-03T13:03:30.325Z] : Note - File formats that can be packed are: txt, md, xml, dre, jpg, jpeg, png, gif, css, js, html, json, mp3, svg, woff, ttf, eot, webm, mp4, and woff2
[error] [2026-08-03T13:03:30.331Z] : ✖ Below file formats are not allowed in Sigma
[info] [2026-08-03T13:03:30.331Z] :  ==> app/.DS_Store
[info] [2026-08-03T13:03:30.331Z] :  ==> app/grn/.DS_Store
[info] [2026-08-03T13:03:30.332Z] :  ==> app/po/.DS_Store
[info] [2026-08-03T13:03:30.332Z] :  ==> app/pr/.DS_Store
[info] [2026-08-03T13:03:30.332Z] :  ==> app/vendor-comparison/.DS_Store
[info] [2026-08-03T13:03:30.332Z] : Note - File formats that can be packed are: txt, md, xml, dre, jpg, jpeg, png, gif, css, js, html, json, mp3, svg, woff, ttf, eot, webm, mp4, and woff2
[error] [2026-08-05T02:48:03.974Z] : ✖ Below file formats are not allowed in Sigma
[info] [2026-08-05T02:48:03.983Z] :  ==> app/.DS_Store
[info] [2026-08-05T02:48:03.983Z] :  ==> app/grn/.DS_Store
[info] [2026-08-05T02:48:03.984Z] :  ==> app/po/.DS_Store
[info] [2026-08-05T02:48:03.984Z] :  ==> app/pr/.DS_Store
[info] [2026-08-05T02:48:03.984Z] :  ==> app/vendor-comparison/.DS_Store
[info] [2026-08-05T02:48:03.985Z] : Note - File formats that can be packed are: txt, md, xml, dre, jpg, jpeg, png, gif, css, js, html, json, mp3, svg, woff, ttf, eot, webm, mp4, and woff2
[error] [2026-08-05T02:48:03.991Z] : ✖ Below file formats are not allowed in Sigma
[info] [2026-08-05T02:48:03.991Z] :  ==> app/.DS_Store
[info] [2026-08-05T02:48:03.992Z] :  ==> app/grn/.DS_Store
[info] [2026-08-05T02:48:03.993Z] :  ==> app/po/.DS_Store
[info] [2026-08-05T02:48:03.993Z] :  ==> app/pr/.DS_Store
[info] [2026-08-05T02:48:03.993Z] :  ==> app/vendor-comparison/.DS_Store
[info] [2026-08-05T02:48:03.993Z] : Note - File formats that can be packed are: txt, md, xml, dre, jpg, jpeg, png, gif, css, js, html, json, mp3, svg, woff, ttf, eot, webm, mp4, and woff2
[error] [2026-08-05T02:49:40.241Z] : ✖ Below file formats are not allowed in Sigma
[info] [2026-08-05T02:49:40.249Z] :  ==> app/.DS_Store
[info] [2026-08-05T02:49:40.249Z] :  ==> app/grn/.DS_Store
[info] [2026-08-05T02:49:40.249Z] :  ==> app/po/.DS_Store
[info] [2026-08-05T02:49:40.250Z] :  ==> app/pr/.DS_Store
[info] [2026-08-05T02:49:40.250Z] :  ==> app/vendor-comparison/.DS_Store
[info] [2026-08-05T02:49:40.250Z] : Note - File formats that can be packed are: txt, md, xml, dre, jpg, jpeg, png, gif, css, js, html, json, mp3, svg, woff, ttf, eot, webm, mp4, and woff2
[error] [2026-08-05T02:49:40.256Z] : ✖ Below file formats are not allowed in Sigma
[info] [2026-08-05T02:49:40.257Z] :  ==> app/.DS_Store
[info] [2026-08-05T02:49:40.257Z] :  ==> app/grn/.DS_Store
[info] [2026-08-05T02:49:40.257Z] :  ==> app/po/.DS_Store
[info] [2026-08-05T02:49:40.257Z] :  ==> app/pr/.DS_Store
[info] [2026-08-05T02:49:40.257Z] :  ==> app/vendor-comparison/.DS_Store
[info] [2026-08-05T02:49:40.257Z] : Note - File formats that can be packed are: txt, md, xml, dre, jpg, jpeg, png, gif, css, js, html, json, mp3, svg, woff, ttf, eot, webm, mp4, and woff2
[error] [2026-08-05T02:51:57.620Z] : ✖ Below file formats are not allowed in Sigma
[info] [2026-08-05T02:51:57.629Z] :  ==> app/.DS_Store
[info] [2026-08-05T02:51:57.629Z] :  ==> app/grn/.DS_Store
[info] [2026-08-05T02:51:57.629Z] :  ==> app/po/.DS_Store
[info] [2026-08-05T02:51:57.629Z] :  ==> app/pr/.DS_Store
[info] [2026-08-05T02:51:57.630Z] :  ==> app/vendor-comparison/.DS_Store
[info] [2026-08-05T02:51:57.630Z] : Note - File formats that can be packed are: txt, md, xml, dre, jpg, jpeg, png, gif, css, js, html, json, mp3, svg, woff, ttf, eot, webm, mp4, and woff2
[error] [2026-08-05T02:51:57.636Z] : ✖ Below file formats are not allowed in Sigma
[info] [2026-08-05T02:51:57.636Z] :  ==> app/.DS_Store
[info] [2026-08-05T02:51:57.637Z] :  ==> app/grn/.DS_Store
[info] [2026-08-05T02:51:57.637Z] :  ==> app/po/.DS_Store
[info] [2026-08-05T02:51:57.637Z] :  ==> app/pr/.DS_Store
[info] [2026-08-05T02:51:57.637Z] :  ==> app/vendor-comparison/.DS_Store
[info] [2026-08-05T02:51:57.637Z] : Note - File formats that can be packed are: txt, md, xml, dre, jpg, jpeg, png, gif, css, js, html, json, mp3, svg, woff, ttf, eot, webm, mp4, and woff2
[error] [2026-08-05T02:52:37.992Z] : ✖ Below file formats are not allowed in Sigma
[info] [2026-08-05T02:52:38.001Z] :  ==> app/.DS_Store
[info] [2026-08-05T02:52:38.001Z] :  ==> app/grn/.DS_Store
[info] [2026-08-05T02:52:38.001Z] :  ==> app/po/.DS_Store
[info] [2026-08-05T02:52:38.001Z] :  ==> app/pr/.DS_Store
[info] [2026-08-05T02:52:38.002Z] :  ==> app/vendor-comparison/.DS_Store
[info] [2026-08-05T02:52:38.002Z] : Note - File formats that can be packed are: txt, md, xml, dre, jpg, jpeg, png, gif, css, js, html, json, mp3, svg, woff, ttf, eot, webm, mp4, and woff2
[error] [2026-08-05T02:52:38.008Z] : ✖ Below file formats are not allowed in Sigma
[info] [2026-08-05T02:52:38.008Z] :  ==> app/.DS_Store
[info] [2026-08-05T02:52:38.009Z] :  ==> app/grn/.DS_Store
[info] [2026-08-05T02:52:38.009Z] :  ==> app/po/.DS_Store
[info] [2026-08-05T02:52:38.009Z] :  ==> app/pr/.DS_Store
[info] [2026-08-05T02:52:38.009Z] :  ==> app/vendor-comparison/.DS_Store
[info] [2026-08-05T02:52:38.009Z] : Note - File formats that can be packed are: txt, md, xml, dre, jpg, jpeg, png, gif, css, js, html, json, mp3, svg, woff, ttf, eot, webm, mp4, and woff2
[error] [2026-08-05T03:11:34.040Z] : ✖ Below file formats are not allowed in Sigma
[info] [2026-08-05T03:11:34.048Z] :  ==> app/.DS_Store
[info] [2026-08-05T03:11:34.048Z] :  ==> app/grn/.DS_Store
[info] [2026-08-05T03:11:34.048Z] :  ==> app/po/.DS_Store
[info] [2026-08-05T03:11:34.048Z] :  ==> app/pr/.DS_Store
[info] [2026-08-05T03:11:34.048Z] :  ==> app/vendor-comparison/.DS_Store
[info] [2026-08-05T03:11:34.049Z] : Note - File formats that can be packed are: txt, md, xml, dre, jpg, jpeg, png, gif, css, js, html, json, mp3, svg, woff, ttf, eot, webm, mp4, and woff2
[error] [2026-08-05T03:11:34.052Z] : ✖ Below file formats are not allowed in Sigma
[info] [2026-08-05T03:11:34.053Z] :  ==> app/.DS_Store
[info] [2026-08-05T03:11:34.053Z] :  ==> app/grn/.DS_Store
[info] [2026-08-05T03:11:34.053Z] :  ==> app/po/.DS_Store
[info] [2026-08-05T03:11:34.053Z] :  ==> app/pr/.DS_Store
[info] [2026-08-05T03:11:34.053Z] :  ==> app/vendor-comparison/.DS_Store
[info] [2026-08-05T03:11:34.053Z] : Note - File formats that can be packed are: txt, md, xml, dre, jpg, jpeg, png, gif, css, js, html, json, mp3, svg, woff, ttf, eot, webm, mp4, and woff2
[error] [2026-08-05T03:12:02.634Z] : ✖ Below file formats are not allowed in Sigma
[info] [2026-08-05T03:12:02.641Z] :  ==> app/.DS_Store
[info] [2026-08-05T03:12:02.641Z] :  ==> app/grn/.DS_Store
[info] [2026-08-05T03:12:02.641Z] :  ==> app/po/.DS_Store
[info] [2026-08-05T03:12:02.641Z] :  ==> app/pr/.DS_Store
[info] [2026-08-05T03:12:02.641Z] :  ==> app/vendor-comparison/.DS_Store
[info] [2026-08-05T03:12:02.642Z] : Note - File formats that can be packed are: txt, md, xml, dre, jpg, jpeg, png, gif, css, js, html, json, mp3, svg, woff, ttf, eot, webm, mp4, and woff2
[error] [2026-08-05T03:12:02.645Z] : ✖ Below file formats are not allowed in Sigma
[info] [2026-08-05T03:12:02.646Z] :  ==> app/.DS_Store
[info] [2026-08-05T03:12:02.646Z] :  ==> app/grn/.DS_Store
[info] [2026-08-05T03:12:02.646Z] :  ==> app/po/.DS_Store
[info] [2026-08-05T03:12:02.646Z] :  ==> app/pr/.DS_Store
[info] [2026-08-05T03:12:02.646Z] :  ==> app/vendor-comparison/.DS_Store
[info] [2026-08-05T03:12:02.646Z] : Note - File formats that can be packed are: txt, md, xml, dre, jpg, jpeg, png, gif, css, js, html, json, mp3, svg, woff, ttf, eot, webm, mp4, and woff2
[error] [2026-08-05T03:17:00.814Z] : ✖ Below file formats are not allowed in Sigma
[info] [2026-08-05T03:17:00.820Z] :  ==> app/.DS_Store
[info] [2026-08-05T03:17:00.821Z] :  ==> app/grn/.DS_Store
[info] [2026-08-05T03:17:00.821Z] :  ==> app/po/.DS_Store
[info] [2026-08-05T03:17:00.821Z] :  ==> app/pr/.DS_Store
[info] [2026-08-05T03:17:00.821Z] :  ==> app/vendor-comparison/.DS_Store
[info] [2026-08-05T03:17:00.821Z] : Note - File formats that can be packed are: txt, md, xml, dre, jpg, jpeg, png, gif, css, js, html, json, mp3, svg, woff, ttf, eot, webm, mp4, and woff2
[error] [2026-08-05T03:17:00.825Z] : ✖ Below file formats are not allowed in Sigma
[info] [2026-08-05T03:17:00.825Z] :  ==> app/.DS_Store
[info] [2026-08-05T03:17:00.825Z] :  ==> app/grn/.DS_Store
[info] [2026-08-05T03:17:00.825Z] :  ==> app/po/.DS_Store
[info] [2026-08-05T03:17:00.825Z] :  ==> app/pr/.DS_Store
[info] [2026-08-05T03:17:00.825Z] :  ==> app/vendor-comparison/.DS_Store
[info] [2026-08-05T03:17:00.825Z] : Note - File formats that can be packed are: txt, md, xml, dre, jpg, jpeg, png, gif, css, js, html, json, mp3, svg, woff, ttf, eot, webm, mp4, and woff2
[error] [2026-08-05T03:18:33.672Z] : ✖ Below file formats are not allowed in Sigma
[info] [2026-08-05T03:18:33.678Z] :  ==> app/.DS_Store
[info] [2026-08-05T03:18:33.678Z] :  ==> app/grn/.DS_Store
[info] [2026-08-05T03:18:33.678Z] :  ==> app/po/.DS_Store
[info] [2026-08-05T03:18:33.678Z] :  ==> app/pr/.DS_Store
[info] [2026-08-05T03:18:33.678Z] :  ==> app/vendor-comparison/.DS_Store
[info] [2026-08-05T03:18:33.679Z] : Note - File formats that can be packed are: txt, md, xml, dre, jpg, jpeg, png, gif, css, js, html, json, mp3, svg, woff, ttf, eot, webm, mp4, and woff2
[error] [2026-08-05T03:18:33.682Z] : ✖ Below file formats are not allowed in Sigma
[info] [2026-08-05T03:18:33.682Z] :  ==> app/.DS_Store
[info] [2026-08-05T03:18:33.683Z] :  ==> app/grn/.DS_Store
[info] [2026-08-05T03:18:33.683Z] :  ==> app/po/.DS_Store
[info] [2026-08-05T03:18:33.683Z] :  ==> app/pr/.DS_Store
[info] [2026-08-05T03:18:33.683Z] :  ==> app/vendor-comparison/.DS_Store
[info] [2026-08-05T03:18:33.683Z] : Note - File formats that can be packed are: txt, md, xml, dre, jpg, jpeg, png, gif, css, js, html, json, mp3, svg, woff, ttf, eot, webm, mp4, and woff2
[error] [2026-08-05T03:37:45.872Z] : ✖ Below file formats are not allowed in Sigma
[info] [2026-08-05T03:37:45.879Z] :  ==> app/pr/.DS_Store
[info] [2026-08-05T03:37:45.879Z] : Note - File formats that can be packed are: txt, md, xml, dre, jpg, jpeg, png, gif, css, js, html, json, mp3, svg, woff, ttf, eot, webm, mp4, and woff2
[error] [2026-08-05T03:37:45.883Z] : ✖ Below file formats are not allowed in Sigma
[info] [2026-08-05T03:37:45.883Z] :  ==> app/pr/.DS_Store
[info] [2026-08-05T03:37:45.883Z] : Note - File formats that can be packed are: txt, md, xml, dre, jpg, jpeg, png, gif, css, js, html, json, mp3, svg, woff, ttf, eot, webm, mp4, and woff2
[error] [2026-08-05T03:49:11.392Z] : ✖ Below file formats are not allowed in Sigma
[info] [2026-08-05T03:49:11.404Z] :  ==> app/pr/.DS_Store
[info] [2026-08-05T03:49:11.405Z] : Note - File formats that can be packed are: txt, md, xml, dre, jpg, jpeg, png, gif, css, js, html, json, mp3, svg, woff, ttf, eot, webm, mp4, and woff2
[error] [2026-08-05T03:49:11.409Z] : ✖ Below file formats are not allowed in Sigma
[info] [2026-08-05T03:49:11.409Z] :  ==> app/pr/.DS_Store
[info] [2026-08-05T03:49:11.409Z] : Note - File formats that can be packed are: txt, md, xml, dre, jpg, jpeg, png, gif, css, js, html, json, mp3, svg, woff, ttf, eot, webm, mp4, and woff2
[error] [2026-08-05T03:49:27.360Z] : ✖ Below file formats are not allowed in Sigma
[info] [2026-08-05T03:49:27.367Z] :  ==> app/pr/.DS_Store
[info] [2026-08-05T03:49:27.367Z] : Note - File formats that can be packed are: txt, md, xml, dre, jpg, jpeg, png, gif, css, js, html, json, mp3, svg, woff, ttf, eot, webm, mp4, and woff2
[error] [2026-08-05T03:49:27.370Z] : ✖ Below file formats are not allowed in Sigma
[info] [2026-08-05T03:49:27.371Z] :  ==> app/pr/.DS_Store
[info] [2026-08-05T03:49:27.371Z] : Note - File formats that can be packed are: txt, md, xml, dre, jpg, jpeg, png, gif, css, js, html, json, mp3, svg, woff, ttf, eot, webm, mp4, and woff2
[error] [2026-08-05T03:52:01.040Z] : ✖ Below file formats are not allowed in Sigma
[info] [2026-08-05T03:52:01.048Z] :  ==> app/pr/.DS_Store
[info] [2026-08-05T03:52:01.048Z] : Note - File formats that can be packed are: txt, md, xml, dre, jpg, jpeg, png, gif, css, js, html, json, mp3, svg, woff, ttf, eot, webm, mp4, and woff2
[error] [2026-08-05T03:52:01.052Z] : ✖ Below file formats are not allowed in Sigma
[info] [2026-08-05T03:52:01.052Z] :  ==> app/pr/.DS_Store
[info] [2026-08-05T03:52:01.052Z] : Note - File formats that can be packed are: txt, md, xml, dre, jpg, jpeg, png, gif, css, js, html, json, mp3, svg, woff, ttf, eot, webm, mp4, and woff2
[error] [2026-08-05T15:26:47.009Z] : ✖ Below file formats are not allowed in Sigma
[info] [2026-08-05T15:26:47.016Z] :  ==> app/.DS_Store
[info] [2026-08-05T15:26:47.016Z] : Note - File formats that can be packed are: txt, md, xml, dre, jpg, jpeg, png, gif, css, js, html, json, mp3, svg, woff, ttf, eot, webm, mp4, and woff2
[error] [2026-08-05T15:26:47.023Z] : ✖ Below file formats are not allowed in Sigma
[info] [2026-08-05T15:26:47.023Z] :  ==> app/.DS_Store
[info] [2026-08-05T15:26:47.024Z] : Note - File formats that can be packed are: txt, md, xml, dre, jpg, jpeg, png, gif, css, js, html, json, mp3, svg, woff, ttf, eot, webm, mp4, and woff2
[error] [2026-08-05T15:28:25.974Z] : ✖ Below file formats are not allowed in Sigma
[info] [2026-08-05T15:28:25.983Z] :  ==> app/.DS_Store
[info] [2026-08-05T15:28:25.985Z] : Note - File formats that can be packed are: txt, md, xml, dre, jpg, jpeg, png, gif, css, js, html, json, mp3, svg, woff, ttf, eot, webm, mp4, and woff2
[error] [2026-08-05T15:28:25.997Z] : ✖ Below file formats are not allowed in Sigma
[info] [2026-08-05T15:28:25.998Z] :  ==> app/.DS_Store
[info] [2026-08-05T15:28:26.001Z] : Note - File formats that can be packed are: txt, md, xml, dre, jpg, jpeg, png, gif, css, js, html, json, mp3, svg, woff, ttf, eot, webm, mp4, and woff2
[error] [2026-08-05T15:45:00.895Z] : ✖ Below file formats are not allowed in Sigma
[info] [2026-08-05T15:45:00.903Z] :  ==> app/.DS_Store
[info] [2026-08-05T15:45:00.903Z] : Note - File formats that can be packed are: txt, md, xml, dre, jpg, jpeg, png, gif, css, js, html, json, mp3, svg, woff, ttf, eot, webm, mp4, and woff2
[error] [2026-08-05T15:45:00.910Z] : ✖ Below file formats are not allowed in Sigma
[info] [2026-08-05T15:45:00.911Z] :  ==> app/.DS_Store
[info] [2026-08-05T15:45:00.911Z] : Note - File formats that can be packed are: txt, md, xml, dre, jpg, jpeg, png, gif, css, js, html, json, mp3, svg, woff, ttf, eot, webm, mp4, and woff2
[error] [2026-08-05T15:49:02.374Z] : ✖ Below file formats are not allowed in Sigma
[info] [2026-08-05T15:49:02.383Z] :  ==> app/.DS_Store
[info] [2026-08-05T15:49:02.383Z] : Note - File formats that can be packed are: txt, md, xml, dre, jpg, jpeg, png, gif, css, js, html, json, mp3, svg, woff, ttf, eot, webm, mp4, and woff2
[error] [2026-08-05T15:49:02.389Z] : ✖ Below file formats are not allowed in Sigma
[info] [2026-08-05T15:49:02.389Z] :  ==> app/.DS_Store
[info] [2026-08-05T15:49:02.389Z] : Note - File formats that can be packed are: txt, md, xml, dre, jpg, jpeg, png, gif, css, js, html, json, mp3, svg, woff, ttf, eot, webm, mp4, and woff2
[error] [2026-08-05T15:53:05.093Z] : ✖ Below file formats are not allowed in Sigma
[info] [2026-08-05T15:53:05.101Z] :  ==> app/.DS_Store
[info] [2026-08-05T15:53:05.101Z] : Note - File formats that can be packed are: txt, md, xml, dre, jpg, jpeg, png, gif, css, js, html, json, mp3, svg, woff, ttf, eot, webm, mp4, and woff2
[error] [2026-08-05T15:53:05.107Z] : ✖ Below file formats are not allowed in Sigma
[info] [2026-08-05T15:53:05.108Z] :  ==> app/.DS_Store
[info] [2026-08-05T15:53:05.108Z] : Note - File formats that can be packed are: txt, md, xml, dre, jpg, jpeg, png, gif, css, js, html, json, mp3, svg, woff, ttf, eot, webm, mp4, and woff2
